trial_id,esito,effetto,d1_sq,d1,d1_supporto,d2_sq,d2,d2_supporto,d3_sq,d3,d3_supporto,d4_sq,d4,d4_supporto,d5_sq,d5,d5_supporto,complessivo,valutatore,note
NCT03466983,P1,assegnazione,1.1 PY; 1.2 Y; 1.3 PN,basso,"1.1: «Patients were randomised 1:1 by unblinded staff members, using an interactive web response system (eClinicalOS eCRF system randomisation module)» (Methods, Randomisation and masking, 36343979) ‖ 1.2: «which blinded investigators, healthcare staff, and patients to treatment assignment» (ibid., 36343979); allocazione centralizzata via IWRS ‖ 1.3: «the proportion of UC was higher in the FDI treatment group. Otherwise, patients' characteristics were well balanced between treatment groups» (Results, 36343979); Table 1: UC 66.7% vs 55.1%, fosfato basale 3.5 (0.6) vs 3.5 (0.6) mg/dL, randomizzazione stratificata per fosfato di screening (Methods, 36343979); squilibri compatibili con il caso",2.1 N; 2.2 PN; 2.3 NA; 2.4 NA; 2.5 NA; 2.6 PN; 2.7 PN,alcune-preoccupazioni,"2.1-2.2: «Blinding was maintained by shielding investigators and patients from observing the preparation of the trial drug, which was performed by unblinded trial personnel not involved in the trial assessments of efficacy or safety» (Methods, Randomisation and masking, 36343979) ‖ «Roles blinded Subject, Investigator, Monitor, Data analyst» (Subject disposition, EUCTR-2017-002452-87) ‖ 2.6: «The primary endpoint, secondary safety endpoints [...] were analysed using the safety analysis set, which included all patients who received at least one dose of study drug» (Methods, Statistical analysis, 36343979) e «bOne patient was randomised to FDI, but received FCM» (Figure 1 legend, 36343979): analisi per trattamento ricevuto (safety 48/49 contro randomizzati «Started 49 48», EUCTR) ‖ 2.7: un solo paziente su 97 spostato di braccio, effetto sulla stima 8.3% vs 51.0% trascurabile",3.1 Y; 3.2 NA; 3.3 NA; 3.4 NA,basso,"3.1: «Two patients in the FDI group and one patient in the FCM group did not have a postbaseline observation and were imputed as having hypophosphataemia in the primary prespecified analysis» (Results, 36343979): 94/97 (96.9%) con dati post-basale, sopra la soglia del 90% per esito non raro ‖ «Post hoc analysis 1: Imputes loss to follow-up as hypophosphataemia absent | 2/48 (4.2%) | 24/49 (49.0%)»; «Post hoc analysis 2: Excludes patients lost to follow-up | 2/46 (4.3%) | 24/48 (50.0%)» (Suppl. Table S3, p. 5, 36343979): direzione e grandezza invariate",4.1 N; 4.2 N; 4.3 PN; 4.4 NA; 4.5 NA,basso,"4.1: «hypophosphataemia (defined as serum phosphate <2.0 mg/dL)» (Methods, Outcomes, 36343979) e «blood samples were analysed at a central laboratory» (Methods, Procedures, 36343979) ‖ 4.2: «follow-up visits on Days 1, 7, 14, 35, 42, 49, and 70 to assess serum phosphate» (Methods, Procedures, 36343979), stesso calendario e stesso laboratorio nei due bracci ‖ 4.3: misura automatizzata di laboratorio in trial doppio cieco; «whoMasked: PARTICIPANT, CARE_PROVIDER, INVESTIGATOR, OUTCOMES_ASSESSOR» (designModule.maskingInfo, NCT03466983); regola del vault: esito di laboratorio oggettivo",5.1 Y; 5.2 N; 5.3 PN,basso,"5.1: registrazione prima dell'arruolamento («studyFirstSubmitDate: 2018-03-06»; «startDate: 2018-05-23», statusModule, NCT03466983) con primario «Incidence of hypophosphatemia [...] s-phosphate < 2 mg/dL [...] any time from baseline to day 35» (outcomesModule.primaryOutcomes[0], NCT03466983); uguale in E.5.1 (EUCTR-2017-002452-87); secondario «any time from baseline to week 10» (secondaryOutcomes[0], NCT03466983) ‖ «as prespecified in the trial's statistical analysis plan» (Methods, Statistical analysis, 36343979) e «Analysis specification Pre-specified [...] Cochran-Mantel-Haenszel» (End points, EUCTR) ‖ 5.2: soglia e finestra coincidono con il registro, per entrambe le finestre ‖ 5.3: analisi CMH prespecificata; le analisi post hoc sono riportate per intero e concordi (Suppl. Table S3, 36343979)",alcune-preoccupazioni,consenso,"Risultati usati: 36343979 fulltext, safety set 48/49, finestra primaria 0-35 (4/48 vs 25/49) ed estesa 0-70 (6/48 vs 29/49). La riga è valutata sul risultato della finestra primaria; per il risultato 0-70 il D3 sarebbe alcune-preoccupazioni (3.1 PN: osservazioni a d42 e d49 85/97 = 87.6%, a d70 87/97, Suppl. Table S2; 3.2 PN: nessuna sensibilità per 0-70; 3.3 PY; 3.4 PN: non completamento bilanciato 5 vs 6, EUCTR), senza effetto sul complessivo. D2: la preoccupazione nasce solo dall'analisi per trattamento ricevuto (1/97). Possibile smascheramento funzionale parziale: «blood samples were analysed at a central laboratory and the results were reported to the physician investigators» (Procedures) e «investigators continuously received unblinded data with regard to patients' calcium and vitamin D status, and they increased vitamin D and calcium supplementation» (Discussion, 36343979); integrazione ammessa dal protocollo (proibiti solo ESA, trasfusioni, radio e chemioterapia), per cui non trattata come deviazione; se fosse contata come deviazione, tenderebbe a ridurre la differenza a sfavore di FCM. Incoerenza dell'abstract (49 FDI/48 FCM trattati) già annotata in ma-trial. ‖ Consenso 2026-09-29 (utente): base passaggio B; 1.2 Y (IWRS centralizzato), 2.1 N (cieco dei pazienti dichiarato); convenzione Y/N solo con prova diretta."
NCT03466983,S3,assegnazione,1.1 PY; 1.2 Y; 1.3 PN,basso,"1.1: «Patients were randomised 1:1 by unblinded staff members, using an interactive web response system (eClinicalOS eCRF system randomisation module)» (Methods, Randomisation and masking, 36343979) ‖ 1.2: «which blinded investigators, healthcare staff, and patients to treatment assignment» (ibid., 36343979); allocazione centralizzata via IWRS ‖ 1.3: «the proportion of UC was higher in the FDI treatment group. Otherwise, patients' characteristics were well balanced between treatment groups» (Results, 36343979); Table 1: fosfato basale 3.5 vs 3.5 mg/dL; squilibri compatibili con il caso",2.1 N; 2.2 PN; 2.3 NA; 2.4 NA; 2.5 NA; 2.6 PN; 2.7 PN,alcune-preoccupazioni,"2.1-2.2: «Blinding was maintained by shielding investigators and patients from observing the preparation of the trial drug» (Methods, Randomisation and masking, 36343979) ‖ «Roles blinded Subject, Investigator, Monitor, Data analyst» (Subject disposition, EUCTR-2017-002452-87) ‖ 2.6: «Data are presented for the safety analysis set [...] n=number of patients with observation» (Suppl. Table S2, p. 4, 36343979) e «bOne patient was randomised to FDI, but received FCM» (Figure 1 legend, 36343979): analisi per trattamento ricevuto ‖ 2.7: un solo paziente su 97",3.1 PN; 3.2 PN; 3.3 PY; 3.4 PN,alcune-preoccupazioni,"3.1: «At Day 35a | 1 (2.4%) (n=41) | 2 (4.4%) (n=45)» (Suppl. Table S2, p. 4, 36343979): 86/97 = 88.7%, sotto la soglia del 90%; mancano 7/48 FDI e 4/49 FCM ‖ 3.2: le analisi di sensibilità riguardano solo il primario («Post hoc sensitivity analyses [...] excluded them from analyses of the primary endpoint», Methods, Statistical analysis, 36343979); con 1 e 2 eventi pochi mancanti potrebbero spostare la stima ‖ 3.3: il fosfato alla visita mancata non è osservato e ritiri per evento avverso («Adverse event, non-fatal 3 1», Subject disposition, EUCTR-2017-002452-87) potrebbero legarsi allo stato clinico ‖ 3.4: motivi di non completamento eterogenei e simili fra bracci («Consent withdrawn by subject 1 2 Physician decision - 2 Adverse event, non-fatal 3 1 Protocol deviation 1 1», EUCTR); incidenza al giorno 35 bassa in entrambi i bracci",4.1 N; 4.2 N; 4.3 PN; 4.4 NA; 4.5 NA,basso,"4.1: soglia «<2.0 mg/dL» e «blood samples were analysed at a central laboratory» (Methods, Procedures, 36343979) ‖ 4.2: visita del giorno 35 prevista per entrambi i bracci («follow-up visits on Days 1, 7, 14, 35, 42, 49, and 70 to assess serum phosphate», Procedures, 36343979) ‖ 4.3: misura di laboratorio in trial doppio cieco («OUTCOMES_ASSESSOR» fra i mascherati, designModule.maskingInfo, NCT03466983); regola del vault: esito di laboratorio oggettivo",5.1 PY; 5.2 N; 5.3 PN,basso,"5.1: endpoint secondario «Incidence of hypophosphataemia at Days 1,7 14, 35, 42, 49, and 70» (Suppl. Table S1, p. 3, 36343979), aggiunto con l'emendamento del 15 Jul 2019 («Addition of the secondary safety endpoints, 'Incidence of hypophosphatemia at day 1 and weeks 1, 2, 5, 6, 7, and 10'», More information, EUCTR-2017-002452-87), in fase cieca, prima della fine del trial (25 May 2020) e dell'analisi finale («Date of interim/final analysis 04 Jan 2021», EUCTR) ‖ 5.2: tutte le visite sono riportate (Suppl. Table S2, 36343979); il giorno 35 lo sceglie il codebook (ultima visita della finestra primaria), non la fonte ‖ 5.3: RD aggiustata CMH come per le altre visite con apice a",alcune-preoccupazioni,consenso,"Risultato usato: Suppl. Table S2 di 36343979, visita del giorno 35 (prima della seconda infusione), 1/41 vs 2/45, denominatore = pazienti con osservazione. D5: l'endpoint per visita non compare nel registro CT.gov (4 esiti, mai aggiornati) ma è documentato nell'emendamento EU CTR in cieco; lo stesso emendamento elimina l'obiettivo «proportion of subjects with hypophosphatemia at the last visit», motivandolo come già coperto dal primario. D2 come per P1 (analisi per trattamento ricevuto, 1/97; possibile smascheramento funzionale dai dati di laboratorio comunicati agli sperimentatori, 36343979 Procedures e Discussion). ‖ Consenso 2026-09-29 (utente): base passaggio B; 1.2 Y (IWRS centralizzato), 2.1 N (cieco dei pazienti dichiarato); convenzione Y/N solo con prova diretta."
NCT03466983,S6,assegnazione,1.1 PY; 1.2 Y; 1.3 PN,basso,"1.1: «Patients were randomised 1:1 by unblinded staff members, using an interactive web response system (eClinicalOS eCRF system randomisation module)» (Methods, Randomisation and masking, 36343979) ‖ 1.2: «which blinded investigators, healthcare staff, and patients to treatment assignment» (ibid., 36343979); allocazione centralizzata via IWRS ‖ 1.3: «Otherwise, patients' characteristics were well balanced between treatment groups» (Results, 36343979); squilibrio UC/CD compatibile con il caso",2.1 N; 2.2 PN; 2.3 NA; 2.4 NA; 2.5 NA; 2.6 PN; 2.7 PN,alcune-preoccupazioni,"2.1-2.2: «Blinding was maintained by shielding investigators and patients from observing the preparation of the trial drug» (Methods, Randomisation and masking, 36343979) ‖ «All used material was removed by the unblinded member of staff without revealing the treatment» (Blinding implementation details, EUCTR-2017-002452-87) ‖ 2.6: Table 2 per safety set «FDI (N=48) | FCM (N=49)» (36343979) e «bOne patient was randomised to FDI, but received FCM» (Figure 1 legend, 36343979): analisi per trattamento ricevuto ‖ 2.7: un solo paziente su 97",3.1 PN; 3.2 PN; 3.3 PN; 3.4 NA,basso,"3.1: «Started 49 48 Completed 44 42 Not completed 5 6» (Subject disposition, EUCTR-2017-002452-87): follow-up AE completo per 86/97 (88.7%), sotto la soglia del 95% per esito raro; «Timeframe for reporting adverse events From the time of signing the ICF and to trial completion or discontinuation» (Adverse events, EUCTR) ‖ 3.2: nessuna analisi di sensibilità sugli eventi avversi («AE data were summarised descriptively», Statistical analysis, 36343979) ‖ 3.3: l'ipersensibilità grave è legata all'infusione, che avviene in visita ed è osservata; chi si ritira prima del giorno 35 non riceve altro farmaco; anche le reazioni che hanno causato l'interruzione sono registrate («two patients in the FDI group for whom the infusion had to be stopped due to infusion reactions», Results, 36343979)",4.1 PN; 4.2 N; 4.3 PN; 4.4 NA; 4.5 NA,basso,"4.1: «The investigator described the nature of the AE/SAEs, using the standard medical terminology» e «Assessment type Systematic Dictionary used for adverse event reporting Dictionary name MedDRA Dictionary version 20.1» (Adverse events, EUCTR-2017-002452-87); criteri di serietà standard, nessun criterio NIAID/Ring-Messmer ‖ 4.2: «Adverse events (AEs) were recorded at each visit» (Methods, Procedures, 36343979), stessa procedura nei due bracci ‖ 4.3: sperimentatori mascherati («Roles blinded Subject, Investigator», EUCTR; «OUTCOMES_ASSESSOR» fra i mascherati, NCT03466983); preparazione del farmaco schermata (Methods, 36343979)",5.1 PY; 5.2 NI; 5.3 PN,alcune-preoccupazioni,"5.1: emendamento del 15 Jul 2019 «The incidence of TEAEs, SAEs, ADRs including SUSARs as well as SARs will be compared between treatment groups» (More information, EUCTR-2017-002452-87), in fase cieca ‖ 5.2: endpoint prespecificato «Serious or severe hypersensitivity reaction starting on or after the first dose of randomised treatment [...] standardised Medical Dictionary for Regulatory Activities query terms (including four additional terms)» (Suppl. Table S1, n. 10, p. 3, 36343979) non riportato né in 36343979 né in EU CTR; è riportato solo il PT degli SAE «Hypersensitivity | 0 (0.0%) | 1 (2.0%)» (Table 2, 36343979) e le «infusion reactions (non-serious; drop in blood pressure)» in 2 FDI (Results, 36343979), la cui gravità non è dichiarata ‖ 5.3: «AE data were summarised descriptively» (Statistical analysis, 36343979)",alcune-preoccupazioni,consenso,"Risultato usato: Table 2 di 36343979, SAE con termine Hypersensitivity, 0/48 vs 1/49, finestra estesa 0-70. D5: il dato dell'elenco SAE non è stato scelto (elenco completo, identico a EU CTR), ma manca l'endpoint prespecificato su HSR serie o severe (SMQ ampliata), che potrebbe includere le 2 reazioni infusionali FDI con calo pressorio: il loro peso sul risultato non si conosce, quindi 5.2 NI. D4: la regola del vault (4.4 PY) vale per trial open-label o valutatori non mascherati; qui gli sperimentatori erano mascherati, per cui 4.3 PN. Per le reazioni alla seconda infusione (giorno 35) gli sperimentatori avevano già visto i fosfati dei giorni 1-14 (Procedures, 36343979): smascheramento funzionale possibile ma solo parziale. D2 come per P1. ‖ Consenso 2026-09-29 (utente): base passaggio B; 1.2 Y (IWRS centralizzato), 2.1 N (cieco dei pazienti dichiarato); convenzione Y/N solo con prova diretta."
NCT03466983,S8b,assegnazione,1.1 PY; 1.2 Y; 1.3 PN,basso,"1.1: «Patients were randomised 1:1 by unblinded staff members, using an interactive web response system (eClinicalOS eCRF system randomisation module)» (Methods, Randomisation and masking, 36343979) ‖ 1.2: «which blinded investigators, healthcare staff, and patients to treatment assignment» (ibid., 36343979); allocazione centralizzata via IWRS ‖ 1.3: «Otherwise, patients' characteristics were well balanced between treatment groups» (Results, 36343979); squilibrio UC/CD compatibile con il caso",2.1 N; 2.2 PN; 2.3 NA; 2.4 NA; 2.5 NA; 2.6 PN; 2.7 PN,alcune-preoccupazioni,"2.1-2.2: «Blinding used Double blind Roles blinded Subject, Investigator, Monitor, Data analyst» e «Blinding was obtained by shielding the subjects and blinded members of staff from seeing preparation of the trial drug» (Subject disposition, EUCTR-2017-002452-87) ‖ 2.6: «Safety Analysis Set was used for evaluation of the AE/SAEs; Safety Analysis Set = All subjects who received at least one dose of the trial drug» (Adverse events, EUCTR) con esposti 48/49 contro «Started 49 48» (EUCTR) e «bOne patient was randomised to FDI, but received FCM» (Figure 1 legend, 36343979): analisi per trattamento ricevuto ‖ 2.7: un solo paziente su 97",3.1 PN; 3.2 PN; 3.3 PY; 3.4 PN,alcune-preoccupazioni,"3.1: «Started 49 48 Completed 44 42 Not completed 5 6» (Subject disposition, EUCTR-2017-002452-87): follow-up completo per 86/97 (88.7%), sotto il 95% per esito raro; periodo AE «to trial completion or discontinuation» (Adverse events, EUCTR) ‖ 3.2: nessuna analisi di sensibilità sugli eventi avversi («AE data were summarised descriptively», Statistical analysis, 36343979) ‖ 3.3: SAE cardiaci e vascolari possono insorgere in qualsiasi momento, anche dopo un ritiro per decisione del medico o evento avverso, e non essere registrati ‖ 3.4: non completamento simile per numero e motivi («Consent withdrawn by subject 1 2 Physician decision - 2 Adverse event, non-fatal 3 1 Protocol deviation 1 1», EUCTR); nessun elemento che leghi i ritiri a eventi cardiovascolari",4.1 PN; 4.2 N; 4.3 PN; 4.4 NA; 4.5 NA,basso,"4.1: «Assessment type Systematic Dictionary used for adverse event reporting Dictionary name MedDRA Dictionary version 20.1» (Adverse events, EUCTR-2017-002452-87); DVT e claudicatio classificate come SAE con criteri standard ‖ 4.2: «Adverse events (AEs) were recorded at each visit» (Methods, Procedures, 36343979), stessa raccolta nei due bracci ‖ 4.3: «Roles blinded Subject, Investigator, Monitor, Data analyst» (EUCTR); «OUTCOMES_ASSESSOR» fra i mascherati (designModule.maskingInfo, NCT03466983)",5.1 PY; 5.2 PN; 5.3 PN,basso,"5.1: «The incidence of TEAEs, SAEs, ADRs including SUSARs as well as SARs will be compared between treatment groups» (emendamento 15 Jul 2019, More information, EUCTR-2017-002452-87), in fase cieca ‖ 5.2: elenco SAE completo e senza soglia di frequenza (la soglia vale solo per i non seri: «Frequency threshold for reporting non-serious adverse events: 5%», EUCTR); totale «5 / 48 (10.42%) 6 / 49 (12.24%)» (EUCTR) coincide con «Any SAE | 5 (10.4%) | 6 (12.2%)» (Table 2, 36343979) ‖ 5.3: nessuna analisi inferenziale, conteggi descrittivi",alcune-preoccupazioni,consenso,"Risultato usato: EU CTR, SAE della SOC Vascular disorders, DVT 1/48 FDI e Intermittent claudication 1/49 FCM, finestra estesa 0-70; SOC Cardiac disorders assente dall'elenco SAE. D4 basso perché gli sperimentatori erano mascherati; resta lo smascheramento funzionale parziale dai fosfati comunicati agli sperimentatori (Procedures e Discussion, 36343979). Due domini con alcune-preoccupazioni (D2 per 1/97 analizzato per trattamento ricevuto; D3 per follow-up AE incompleto e bilanciato): non tali da portare il complessivo ad alto. S8a non applicabile: nessun evento cardiovascolare aggiudicato nelle fonti. ‖ Consenso 2026-09-29 (utente): base passaggio B; 1.2 Y (IWRS centralizzato), 2.1 N (cieco dei pazienti dichiarato); convenzione Y/N solo con prova diretta."
NCT03238911,P1,assegnazione,1.1 PY; 1.2 Y; 1.3 N,basso,"«Patients were centrally randomized (1:1) using an interactive web response system (IBM Clinical Development eCRF system randomization module) that blinded investigators and patients to assignment» (Methods, Randomization, p. 433, 32016310) ‖ «Randomization was stratified in blocks of 4» (Methods, Randomization, p. 433, 32016310) ‖ «Demographic and clinical characteristics were well balanced across the treatment groups in both trials (Table 1)» (Results, p. 435, 32016310) ‖ trial A, serum phosphate 3.3 (0.6) vs 3.3 (0.5) mg/dL; gynecological cause 41 (65.1) vs 42 (70.0) (Table 1, p. 437, 32016310)",2.1 Y; 2.2 Y; 2.3 PN; 2.4 NA; 2.5 NA; 2.6 N; 2.7 PN,alcune-preoccupazioni,"«The trials were open-label without blinding of the investigational products» (Methods, Interventions, p. 434, 32016310) ‖ «masking: NONE» (protocolSection.designModule, NCT03238911) ‖ «other forms of iron supplementation, blood transfusion, erythropoiesis-stimulating agents, radiotherapy, and chemotherapy were prohibited» (Methods, Interventions, p. 434, 32016310) ‖ unica deviazione descritta nel trial A: «1 Received iron isomaltoside in error» (Figure 1A, p. 436, 32016310) ‖ «The primary end point and all secondary safety end points were analyzed using the safety data sets, which included all patients who received at least 1 dose of study drug (trial A: iron isomaltoside, n = 63, ferric carboxymaltose, n = 60» (Statistical Analysis, p. 434, 32016310) ‖ «One patient randomized to ferric carboxymaltose was erroneously treated with iron isomaltoside and included in the iron isomaltoside safety analysis set» (Figure 1, nota b, p. 436, 32016310) ‖ 1 paziente su 123 analizzato nel braccio sbagliato, a fronte di «Ferric carboxymaltose 45/60 … Iron isomaltoside 5/63» (Figure 2A, p. 438, 32016310)",3.1 PY; 3.2 NA; 3.3 NA; 3.4 NA,basso,"«For the patients with no postbaseline measurements (n = 3 across both trials), serum phosphate level was imputed as less than 2.0 mg/dL for the primary analysis» (Statistical Analysis, p. 434, 32016310) ‖ «Patients, No./total No. Ferric carboxymaltose 45/60 … Iron isomaltoside 5/63» (Figure 2A, Any Postbaseline, p. 438, 32016310) ‖ «59 Completed the study … 58 Completed the study»; FDI «2 Lost to follow-up, 1 Patient withdrawal», FCM «2 Patient withdrawal, 1 Lost to follow-up» (Figure 1A, p. 436, 32016310)",4.1 PN; 4.2 N; 4.3 N; 4.4 NA; 4.5 NA,basso,"«A central laboratory that was blinded to randomized treatment performed all laboratory assays» (Methods, End Points, p. 434, 32016310) ‖ «Serum phosphate and 12 additional biomarkers of mineral and bone homeostasis were measured on days 0, 1, 7, 8, 14, 21, and 35» (Abstract, p. 432, 32016310) ‖ «The primary end point was the incidence of hypophosphatemia, defined as serum phosphate level less than 2.0 mg/dL, at any time from baseline to day 35» (Methods, End Points, p. 434, 32016310)",5.1 PY; 5.2 PN; 5.3 PN,basso,"«studyFirstSubmitDate: 2017-07-06» e «startDateStruct: 2017-10-24» (statusModule, NCT03238911) ‖ esito primario registrato: «The incidence of hypophosphatemia (defined as s-phosphate <2 mg/dL) at any time from baseline up to day 35» (outcomesModule.primaryOutcomes[0], NCT03238911) ‖ «The primary end point was the incidence of hypophosphatemia, defined as serum phosphate level less than 2.0 mg/dL, at any time from baseline to day 35» (Methods, End Points, p. 434, 32016310) ‖ «The statistical analysis plan is available in Supplement 4» (Statistical Analysis, p. 434, 32016310) ‖ «The results of post hoc analyses of the primary end point that adjusted for study site were similar to the primary analyses» (Results, p. 435, 32016310) ‖ conteggi identici nel registro: «OG000 5, OG001 45» su denominatori 63/60 (outcomeMeasures[0], NCT03238911)",alcune-preoccupazioni,consenso,"Risultato valutato: 32016310 Figure 2A, Any Postbaseline, safety set 63/60, finestra primaria 0-35 (identico alla riga di registro non usata). D2 alcune-preoccupazioni solo per l'analisi as-treated del safety set (1 paziente randomizzato a FCM contato nel braccio FDI): con 2.6 PY il dominio e il complessivo sarebbero basso. D3: l'imputazione come evento (al più 3 pazienti nei due trial, quota del trial A non riportata) non può invertire 5/63 vs 45/60. D5: storico delle versioni del registro e SAP (Supplement 4) non presenti nel vault; 5.1 PY perché la registrazione precede l'arruolamento con definizione e finestra identiche a quelle pubblicate. ‖ Consenso 2026-09-29 (utente): base passaggio B."
NCT03238911,S1,assegnazione,1.1 PY; 1.2 Y; 1.3 N,basso,"«Patients were centrally randomized (1:1) using an interactive web response system (IBM Clinical Development eCRF system randomization module) that blinded investigators and patients to assignment» (Methods, Randomization, p. 433, 32016310) ‖ «Randomization was stratified in blocks of 4» (Methods, Randomization, p. 433, 32016310) ‖ «Demographic and clinical characteristics were well balanced across the treatment groups in both trials (Table 1)» (Results, p. 435, 32016310) ‖ trial A, serum phosphate 3.3 (0.6) vs 3.3 (0.5) mg/dL (Table 1, p. 437, 32016310)",2.1 Y; 2.2 Y; 2.3 PN; 2.4 NA; 2.5 NA; 2.6 N; 2.7 PN,alcune-preoccupazioni,"«The trials were open-label without blinding of the investigational products» (Methods, Interventions, p. 434, 32016310) ‖ «masking: NONE» (designModule, NCT03238911) ‖ unica deviazione descritta nel trial A: «1 Received iron isomaltoside in error» (Figure 1A, p. 436, 32016310) ‖ «populationDescription: Safety analysis set: included all subjects who received at least one dose of the investigational product» (outcomeMeasures[17], NCT03238911) ‖ «1 subject from ferric carboxymaltose group received iron isomaltoside/ferric derisomaltose in error» (participantFlowModule, Safety Analysis Set, NCT03238911) ‖ 1 paziente su 123 nel braccio sbagliato, a fronte di «OG000 0, OG001 7» (outcomeMeasures[17], NCT03238911)",3.1 PY; 3.2 NA; 3.3 NA; 3.4 NA,basso,"denominatori «OG000 63, OG001 59» (outcomeMeasures[17], NCT03238911): 122 dei 123 trattati ‖ «59 Completed the study … 58 Completed the study» (Figure 1A, p. 436, 32016310)",4.1 PN; 4.2 N; 4.3 N; 4.4 NA; 4.5 NA,basso,"«A central laboratory that was blinded to randomized treatment performed all laboratory assays» (Methods, End Points, p. 434, 32016310) ‖ «Serum phosphate and 12 additional biomarkers of mineral and bone homeostasis were measured on days 0, 1, 7, 8, 14, 21, and 35» (Abstract, p. 432, 32016310) ‖ «Incidence of hypophosphatemia (defined as s-phosphate level ≤1 mg/dL) at any time from baseline up to day 35» (outcomeMeasures[17], NCT03238911)",5.1 N; 5.2 PN; 5.3 PN,alcune-preoccupazioni,"«type: POST_HOC, title: Incidence of S-phosphate Level ≤1.0 mg/dL at Any Time From Baseline to Day 35» (outcomeMeasures[17], NCT03238911) ‖ «Post hoc analyses included study site–adjusted analyses of the primary end point, the incidence of severe hypophosphatemia (serum phosphate level ≤1.0 mg/dL) at any time from baseline to day 35» (Methods, End Points, p. 434, 32016310) ‖ esito assente fra quelli registrati (outcomesModule, NCT03238911) ‖ una sola soglia di gravità riportata, già nell'abstract congressuale 2019: «Severe hypophosphatemia ≤1 mg/dL occurred in 11.3% of FCM-treated patients compared to 0.0% of IIM-treated patients» (abstract OR13-3, EPMC-PMC6554827) ‖ il risultato usato sono i conteggi grezzi «OG000 0, OG001 7», non la stima aggiustata (outcomeMeasures[17], NCT03238911)",alcune-preoccupazioni,consenso,"Risultato valutato: registro outcomeMeasures[17], POST_HOC, 0/63 vs 7/59, finestra primaria 0-35. D5: 5.1 N per regola del vault (esito post hoc). 5.2 PN perché ≤1.0 mg/dL è l'unica soglia di gravità riportata in tutte le fonti e coincide con la definizione del protocollo S1; un altro valutatore potrebbe rispondere NI (post hoc: non si sa quante soglie siano state esplorate), senza cambiare il giudizio. D3: il denominatore FCM 59 invece di 60 non è spiegato (verosimilmente il paziente senza fosfato post-basale); peso < 2%. Due domini con alcune-preoccupazioni non portati ad alto: la deviazione D2 riguarda 1 paziente e il post hoc riguarda una soglia convenzionale, non scelta fra alternative note. ‖ Consenso 2026-09-29 (utente): base passaggio B."
NCT03238911,S3,assegnazione,1.1 PY; 1.2 Y; 1.3 N,basso,"«Patients were centrally randomized (1:1) using an interactive web response system (IBM Clinical Development eCRF system randomization module) that blinded investigators and patients to assignment» (Methods, Randomization, p. 433, 32016310) ‖ «Randomization was stratified in blocks of 4» (Methods, Randomization, p. 433, 32016310) ‖ «Demographic and clinical characteristics were well balanced across the treatment groups in both trials (Table 1)» (Results, p. 435, 32016310) ‖ trial A, serum phosphate 3.3 (0.6) vs 3.3 (0.5) mg/dL (Table 1, p. 437, 32016310)",2.1 Y; 2.2 Y; 2.3 PN; 2.4 NA; 2.5 NA; 2.6 N; 2.7 PN,alcune-preoccupazioni,"«The trials were open-label without blinding of the investigational products» (Methods, Interventions, p. 434, 32016310) ‖ «masking: NONE» (designModule, NCT03238911) ‖ unica deviazione descritta nel trial A: «1 Received iron isomaltoside in error» (Figure 1A, p. 436, 32016310) ‖ «proportions of patients with serum phosphate level less than 2.0 mg/dL at each individual time point in the safety analysis set» (Figure 2, legenda, p. 438, 32016310) ‖ «One patient randomized to ferric carboxymaltose was erroneously treated with iron isomaltoside and included in the iron isomaltoside safety analysis set» (Figure 1, nota b, p. 436, 32016310) ‖ 1 paziente nel braccio sbagliato, a fronte di «Day 35 … Ferric carboxymaltose 24/58 … Iron isomaltoside 1/59» (Figure 2A, p. 438, 32016310)",3.1 PY; 3.2 NA; 3.3 NA; 3.4 NA,basso,"«Day 35 … Ferric carboxymaltose 24/58 … Iron isomaltoside 1/59» (Figure 2A, p. 438, 32016310): 117 dei 123 trattati (95.1%; FDI 59/63, FCM 58/60) ‖ FDI «2 Lost to follow-up, 1 Patient withdrawal», FCM «2 Patient withdrawal, 1 Lost to follow-up» (Figure 1A, p. 436, 32016310) ‖ stessi denominatori nel registro «OG000 59, OG001 58» (outcomeMeasures[2], NCT03238911)",4.1 PN; 4.2 N; 4.3 N; 4.4 NA; 4.5 NA,basso,"«A central laboratory that was blinded to randomized treatment performed all laboratory assays» (Methods, End Points, p. 434, 32016310) ‖ «Serum phosphate and 12 additional biomarkers of mineral and bone homeostasis were measured on days 0, 1, 7, 8, 14, 21, and 35» (Abstract, p. 432, 32016310)",5.1 PY; 5.2 PN; 5.3 PN,basso,"esito secondario registrato: «Proportion of Subjects With Hypophosphatemia on Day 35 ( S-phosphate Level <2.0 mg/dL)» (outcomesModule.secondaryOutcomes, NCT03238911) ‖ «Secondary safety end points reported in this article include prevalence of persistent hypophosphatemia at day 35» (Methods, End Points, p. 434, 32016310) ‖ «studyFirstSubmitDate: 2017-07-06», avvio «2017-10-24» (statusModule, NCT03238911) ‖ conteggi coincidenti fra articolo e registro: «OG000 1, OG001 24» (outcomeMeasures[2], NCT03238911)",alcune-preoccupazioni,consenso,"Risultato valutato: 32016310 Figure 2A, colonna Day 35 (1/59 vs 24/58), denominatore = pazienti del safety set misurati a d35. D3: soglia del vault per esiti non rari (90%), perché nel braccio FCM l'evento riguarda il 41%; disponibilità 95.1% nel complesso, 93.7% nel braccio FDI. Un valutatore che considerasse S3 raro nel braccio FDI (1 evento; soglia 95%) risponderebbe 3.1 PN, e poi 3.2 PN, 3.3 PN (motivi di uscita bilanciati: persi e ritiri), con D3 comunque basso. D2 alcune-preoccupazioni solo per il paziente analizzato come trattato. Nota: l'articolo classifica come post hoc la prevalenza a ogni visita, ma la prevalenza a d35 è endpoint secondario registrato. ‖ Consenso 2026-09-29 (utente): base passaggio B."
NCT03238911,S4,assegnazione,1.1 PY; 1.2 Y; 1.3 N,basso,"«Patients were centrally randomized (1:1) using an interactive web response system (IBM Clinical Development eCRF system randomization module) that blinded investigators and patients to assignment» (Methods, Randomization, p. 433, 32016310) ‖ «Randomization was stratified in blocks of 4» (Methods, Randomization, p. 433, 32016310) ‖ «Demographic and clinical characteristics were well balanced across the treatment groups in both trials (Table 1)» (Results, p. 435, 32016310) ‖ trial A, serum phosphate 3.3 (0.6) vs 3.3 (0.5) mg/dL (Table 1, p. 437, 32016310)",2.1 Y; 2.2 Y; 2.3 PN; 2.4 NA; 2.5 NA; 2.6 N; 2.7 PN,alcune-preoccupazioni,"«The trials were open-label without blinding of the investigational products» (Methods, Interventions, p. 434, 32016310) ‖ «masking: NONE» (designModule, NCT03238911) ‖ unica deviazione descritta nel trial A: «1 Received iron isomaltoside in error» (Figure 1A, p. 436, 32016310) ‖ «populationDescription: Safety analysis set: included all subjects who received at least one dose of the investigational product» (outcomeMeasures[3], NCT03238911) ‖ «1 subject from ferric carboxymaltose group received iron isomaltoside/ferric derisomaltose in error» (participantFlowModule, NCT03238911) ‖ 1 paziente su circa 58 per braccio, a fronte di «OG000 0.24 (spread 0.76), OG001 -0.92 (spread 0.85)» a Day 35 (outcomeMeasures[3], NCT03238911)",3.1 PY; 3.2 NA; 3.3 NA; 3.4 NA,basso,"Day 35, denominatori «OG000 59, OG001 58» su safety set 63/60 (outcomeMeasures[3], NCT03238911): 95.1% dei trattati ‖ «All subjects with post-baseline data were included with their observed data» (outcomeMeasures[3].analyses, NCT03238911) ‖ FDI «2 Lost to follow-up, 1 Patient withdrawal», FCM «2 Patient withdrawal, 1 Lost to follow-up» (Figure 1A, p. 436, 32016310)",4.1 PN; 4.2 N; 4.3 N; 4.4 NA; 4.5 NA,basso,"«A central laboratory that was blinded to randomized treatment performed all laboratory assays» (Methods, End Points, p. 434, 32016310) ‖ «Serum phosphate and 12 additional biomarkers of mineral and bone homeostasis were measured on days 0, 1, 7, 8, 14, 21, and 35» (Abstract, p. 432, 32016310)",5.1 PY; 5.2 PN; 5.3 PN,basso,"esito secondario registrato: «Absolute [∆] Changes in S-phosphate From Baseline to Day 1, 7, 8, 14, 21, and 35» (outcomesModule.secondaryOutcomes, NCT03238911) ‖ risultati pubblicati per tutti e sei i giorni, classi «Day 1» … «Day 35» (outcomeMeasures[3], NCT03238911), e anche la variazione relativa (outcomeMeasures[4], NCT03238911) ‖ «studyFirstSubmitDate: 2017-07-06», avvio «2017-10-24» (statusModule, NCT03238911)",alcune-preoccupazioni,consenso,"Risultato valutato: registro outcomeMeasures[3], variazione assoluta dal basale a Day 35, medie grezze (DS) su 59/58 pazienti con dato osservato. Il giorno 35 lo sceglie la regola della meta-analisi (ultima visita della finestra primaria), non il trial, e il registro riporta tutti i giorni: per questo 5.2 PN. L'articolo riporta S4 solo pooled (Figure 3); i dati per trial (eTable 5 del Supplement 3) non sono nel vault, ma il registro li pubblica per intero. D2 alcune-preoccupazioni solo per il paziente analizzato come trattato. ‖ Consenso 2026-09-29 (utente): base passaggio B."
NCT03238911,S6,assegnazione,1.1 PY; 1.2 Y; 1.3 N,basso,"«Patients were centrally randomized (1:1) using an interactive web response system (IBM Clinical Development eCRF system randomization module) that blinded investigators and patients to assignment» (Methods, Randomization, p. 433, 32016310) ‖ «Randomization was stratified in blocks of 4» (Methods, Randomization, p. 433, 32016310) ‖ «Demographic and clinical characteristics were well balanced across the treatment groups in both trials (Table 1)» (Results, p. 435, 32016310)",2.1 Y; 2.2 Y; 2.3 PN; 2.4 NA; 2.5 NA; 2.6 N; 2.7 PN,alcune-preoccupazioni,"«The trials were open-label without blinding of the investigational products» (Methods, Interventions, p. 434, 32016310) ‖ «masking: NONE» (designModule, NCT03238911) ‖ unica deviazione descritta nel trial A: «1 Received iron isomaltoside in error» (Figure 1A, p. 436, 32016310) ‖ «populationDescription: Safety analysis set: included all subjects who received at least one dose of the investigational product» (outcomeMeasures[13], NCT03238911) ‖ «1 subject from ferric carboxymaltose group received iron isomaltoside/ferric derisomaltose in error» (participantFlowModule, NCT03238911) ‖ «OG000 1, OG001 0» su 63/60 (outcomeMeasures[13], NCT03238911)",3.1 PY; 3.2 NA; 3.3 NA; 3.4 NA,basso,"denominatori «OG000 63, OG001 60» = tutti i trattati, cioè tutti i 123 randomizzati (outcomeMeasures[13], NCT03238911) ‖ «From the time subjects signed the informed consent form (CRF) and until they completed the study, all adverse events (AEs) or serious adverse events (SAEs) were reported in the CRF» (adverseEventsModule.timeFrame, NCT03238911) ‖ uscite dopo la prima dose: 3 per braccio (Figure 1A, p. 436, 32016310)",4.1 NI; 4.2 PN; 4.3 Y; 4.4 PY; 4.5 PN,alcune-preoccupazioni,"«Incidence of Protocol-defined Serious or Severe Hypersensitivity Reactions» (outcomeMeasures[13], NCT03238911) ‖ «the Investigator described an AE regarding seriousness, severity, relatedness, and outcome» (adverseEventsModule.description, NCT03238911) ‖ «The trials were open-label without blinding of the investigational products» (Methods, Interventions, p. 434, 32016310) ‖ stesse visite nei due bracci: «days 0, 1, 7, 8, 14, 21, and 35» (Abstract, p. 432, 32016310) ‖ «serious or severe hypersensitivity reactions occurred in 1 patient (0.8%) in the iron isomaltoside group (swollen eyelid unilaterally) and in 2 patients (1.7%) in the ferric carboxymaltose group» (Adverse Events, p. 438, 32016310); nel trial A registro «OG000 1, OG001 0» (outcomeMeasures[13], NCT03238911): l'unico evento del trial A è quindi il caso FDI di edema palpebrale monolaterale",5.1 PY; 5.2 PN; 5.3 PN,basso,"esito secondario registrato: «Incidence of Protocol-defined Serious or Severe Hypersensitivity Reactions», timeFrame «Baseline to day 35» (outcomesModule.secondaryOutcomes, NCT03238911) ‖ «studyFirstSubmitDate: 2017-07-06», avvio «2017-10-24» (statusModule, NCT03238911) ‖ risultato per trial pubblicato nel registro «OG000 1, OG001 0» (outcomeMeasures[13], NCT03238911); nell'articolo solo pooled (Adverse Events, p. 438, 32016310)",alcune-preoccupazioni,consenso,"Risultato valutato: registro outcomeMeasures[13], 1/63 vs 0/60, finestra primaria. D4: 4.4 PY per regola del vault (esito clinico, open-label, nessuna aggiudicazione in cieco documentata); 4.5 PN perché l'unico evento del trial A è nel braccio del farmaco dello sponsor ed è un quadro lieve (edema palpebrale monolaterale) classificato comunque serio o severo: nessun segno di sottoclassificazione a favore di FDI. Un altro valutatore potrebbe rispondere 4.5 NI (criteri del protocollo non disponibili nel vault), con D4 e complessivo alto. 4.2 PN: FCM ha avuto due infusioni (d0 e d7) contro una, quindi due occasioni di osservazione infusionale, ma è una conseguenza dello schema e non una differenza nel metodo di rilevazione. D2, 2.7 PN incerto: con 1 solo evento, se questo fosse nel paziente randomizzato a FCM e trattato con FDI l'analisi per assegnazione invertirebbe la direzione (0/62 vs 1/61). La probabilità è 1/63 e la fonte non lo dice; un altro valutatore potrebbe rispondere NI, con D2 alto. Criteri di gravità del protocollo non riportati: la corrispondenza con la definizione S6 (NIAID/WAO/Ring-Messmer) non è verificabile. ‖ Consenso 2026-09-29 (utente): base passaggio B; 4.1 NI (criteri di protocollo non nel vault)."
NCT03238911,S8b,assegnazione,1.1 PY; 1.2 Y; 1.3 N,basso,"«Patients were centrally randomized (1:1) using an interactive web response system (IBM Clinical Development eCRF system randomization module) that blinded investigators and patients to assignment» (Methods, Randomization, p. 433, 32016310) ‖ «Randomization was stratified in blocks of 4» (Methods, Randomization, p. 433, 32016310) ‖ «Demographic and clinical characteristics were well balanced across the treatment groups in both trials (Table 1)» (Results, p. 435, 32016310)",2.1 Y; 2.2 Y; 2.3 PN; 2.4 NA; 2.5 NA; 2.6 N; 2.7 PN,alcune-preoccupazioni,"«The trials were open-label without blinding of the investigational products» (Methods, Interventions, p. 434, 32016310) ‖ «masking: NONE» (designModule, NCT03238911) ‖ unica deviazione descritta nel trial A: «1 Received iron isomaltoside in error» (Figure 1A, p. 436, 32016310) ‖ «seriousNumAtRisk: 63» (EG000) e «seriousNumAtRisk: 60» (EG001) = safety set per trattamento ricevuto (adverseEventsModule.eventGroups, NCT03238911) ‖ nessun SAE cardiaco o vascolare in nessun braccio: l'unico SAE elencato è «Hypersensitivity, organSystem: Immune system disorders» (seriousEvents, NCT03238911)",3.1 PY; 3.2 NA; 3.3 NA; 3.4 NA,basso,"«seriousNumAtRisk: 63» e «seriousNumAtRisk: 60» = tutti i trattati, cioè tutti i 123 randomizzati (adverseEventsModule.eventGroups, NCT03238911) ‖ «From the time subjects signed the informed consent form (CRF) and until they completed the study, all adverse events (AEs) or serious adverse events (SAEs) were reported in the CRF» (adverseEventsModule.timeFrame, NCT03238911) ‖ uscite: 3 per braccio (Figure 1A, p. 436, 32016310)",4.1 PN; 4.2 PN; 4.3 Y; 4.4 PY; 4.5 PN,alcune-preoccupazioni,"«sourceVocabulary: MedDRA (20.1)», «assessmentType: SYSTEMATIC_ASSESSMENT» (seriousEvents, NCT03238911) ‖ «the Investigator described an AE regarding seriousness, severity, relatedness, and outcome» (adverseEventsModule.description, NCT03238911) ‖ «The trials were open-label without blinding of the investigational products» (Methods, Interventions, p. 434, 32016310) ‖ stesse visite nei due bracci: «days 0, 1, 7, 8, 14, 21, and 35» (Abstract, p. 432, 32016310) ‖ «seriousNumAffected: 1» (EG000) e «seriousNumAffected: 0» (EG001) (eventGroups, NCT03238911)",5.1 PY; 5.2 PN; 5.3 PN,basso,"«all adverse events (AEs) or serious adverse events (SAEs) were reported in the CRF» (adverseEventsModule.timeFrame, NCT03238911) ‖ «frequencyThreshold: 5» (adverseEventsModule, NCT03238911): la soglia vale per gli eventi non seri (otherEvents); gli SAE sono elencati per intero (seriousEvents, NCT03238911) ‖ «The numbers of patients who experienced any adverse drug reactions were compared between treatment groups using Fisher exact tests» (Statistical Analysis, p. 434, 32016310)",alcune-preoccupazioni,consenso,"Risultato valutato: registro adverseEventsModule, SAE delle SOC Cardiac disorders e Vascular disorders, 0/63 vs 0/60 per entrambe; zeri dedotti dall'elenco completo degli SAE (estrazione-meta §6.9). D4: 4.4 PY per regola del vault (S8b, open-label, nessuna aggiudicazione in cieco); 4.5 PN perché la serietà segue criteri regolatori relativamente oggettivi e non ci sono eventi in nessun braccio. D5: 5.1 PY perché la raccolta completa degli AE e degli SAE è prevista dal protocollo e dal registro; un altro valutatore potrebbe rispondere NI (gli SAE per SOC non sono un endpoint prespecificato), con D5 alcune-preoccupazioni e complessivo invariato. Segnalazione per il consenso: le righe S8b usate hanno finestra estesa con tempo 0-35 e follow-up di 35 giorni; per estrazione-meta §6.8 gli eventi sull'intero follow-up entro 35 ± 7 giorni andrebbero in finestra primaria. Il giudizio non cambia. ‖ Consenso 2026-09-29 (utente): base passaggio B."
NCT03237065,P1,assegnazione,1.1 PY; 1.2 Y; 1.3 N,basso,"1.1: «Patients were centrally randomized (1:1) using an interactive web response system (IBM Clinical Development eCRF system randomization module)» e «Randomization was stratified in blocks of 4», Methods/Randomization p. 433, 32016310 (generazione della sequenza non descritta: risposta inferita) ‖ 1.2: «an interactive web response system ... that blinded investigators and patients to assignment to iron isomaltoside or ferric carboxymaltose», Methods/Randomization p. 433, 32016310 ‖ 1.3: «Demographic and clinical characteristics were well balanced across the treatment groups in both trials (Table 1)», Results p. 435, 32016310; Table 1 trial B: fosfato 3.4 (0.5) vs 3.3 (0.5) mg/dL, emoglobina 9.6 (1.2) vs 9.3 (1.4) g/dL, causa ginecologica 71.0% vs 68.4%, p. 437, 32016310; strato fosfato di screening <3.5 mg/dL 35/62 vs 32/57, baselineCharacteristicsModule, NCT03237065",2.1 Y; 2.2 Y; 2.3 PN; 2.4 NA; 2.5 NA; 2.6 N; 2.7 PN,alcune-preoccupazioni,"2.1-2.2: «The trials were open-label without blinding of the investigational products», Methods/Interventions p. 434, 32016310; «masking: NONE», designModule, NCT03237065 ‖ 2.3: «other forms of iron supplementation, blood transfusion, erythropoiesis-stimulating agents, radiotherapy, and chemotherapy were prohibited», Methods/Interventions p. 434, 32016310; Figure 1B p. 436, 32016310: braccio FCM «1 Received iron isomaltoside in error» e 3 non trattati (1 nonserious adverse event, 1 protocol deviation, 1 unable to obtain venous access): deviazioni non riconducibili al contesto sperimentale ‖ 2.6: «The primary end point and all secondary safety end points were analyzed using the safety data sets, which included all patients who received at least 1 dose of study drug (... trial B: iron isomaltoside, n = 62, ferric carboxymaltose, n = 57)», Statistical Analysis p. 434, 32016310; Figure 1B nota c «Three patients randomized to ferric carboxymaltose were not treated and not included in the safety analysis set», p. 436, 32016310: analisi per trattamento ricevuto ‖ 2.7: 4/122 randomizzati (3,3%), tutti del braccio FCM, esclusi (3) o analizzati nel braccio FDI (1) (Figure 1B, 32016310) a fronte di 5/62 vs 42/57 (Figure 2B p. 438, 32016310): lo spostamento non può cambiare sostanzialmente la stima",3.1 PY; 3.2 NA; 3.3 NA; 3.4 NA,basso,"3.1: dati per 62 (FDI, 61 randomizzati + 1 FCM trattato per errore) e 57 (FCM) pazienti, «Patients, No./total No. ... 42/57 ... 5/62» (Any Postbaseline), Figure 2B p. 438, 32016310; randomizzati 61/61, Figure 1B p. 436, 32016310: braccio FCM 57/61 = 93,4% (soglia del vault ≥90% per esito non raro) ‖ imputazione dichiarata: «For the patients with no postbaseline measurements (n = 3 across both trials), serum phosphate level was imputed as less than 2.0 mg/dL for the primary analysis», Statistical Analysis p. 434, 32016310; i denominatori post hoc del registro 61/56 (outcomeMeasures POST_HOC, NCT03237065) indicano presumibilmente 1 paziente per braccio imputato come evento: con 5 vs 42 eventi l'imputazione non può invertire la direzione e, nel braccio FDI, sposta verso l'ipotesi nulla",4.1 PN; 4.2 N; 4.3 N; 4.4 NA; 4.5 NA,basso,"4.1: esito definito da soglia di laboratorio, «serum phosphate level less than 2.0 mg/dL, at any time from baseline to day 35», End Points p. 434, 32016310 ‖ 4.2: «Serum phosphate and 12 additional biomarkers ... were measured on days 0, 1, 7, 8, 14, 21, and 35», abstract p. 432, 32016310 (stesso calendario e stesso laboratorio nei due bracci) ‖ 4.3: «A central laboratory that was blinded to randomized treatment performed all laboratory assays», End Points p. 434, 32016310",5.1 PY; 5.2 PN; 5.3 PN,basso,"5.1: registro presentato «studyFirstSubmitDate: 2017-07-06» prima dell'inizio «startDateStruct: 2017-10-30», statusModule, NCT03237065; esito primario registrato «The incidence of hypophosphatemia (defined as s-phosphate <2 mg/dL) at any time from baseline up to day 35», primaryOutcomes, NCT03237065; «The statistical analysis plan is available in Supplement 4», Statistical Analysis p. 434, 32016310 (supplemento non nel vault: finalizzazione prima dell'analisi inferita) ‖ 5.2: soglia, finestra e set di analisi identici fra registro (outcomeMeasures[0], 5/62 vs 42/57) e articolo (Figure 2B p. 438, 32016310) ‖ 5.3: stessa analisi CMH aggiustata per strato nei due documenti (RD -65.8, IC -76.6; -49.8: abstract p. 432, 32016310; outcomeMeasures[0].analyses, NCT03237065); l'analisi aggiustata per centro è dichiarata post hoc e non usata; la meta-analisi usa i conteggi grezzi",alcune-preoccupazioni,consenso,"Unico dominio non basso: D2 (analisi sul safety set per trattamento ricevuto, 4/122 randomizzati coinvolti). La riga di registro per P1 (usa_in_analisi = no) ha conteggi identici alla fonte usata: nessun dominio cambierebbe. La versione originale della scheda di registro (history) non è nel vault: il confronto registro-articolo è fatto sulla versione corrente. ‖ Consenso 2026-09-29 (utente): base passaggio B."
NCT03237065,S1,assegnazione,1.1 PY; 1.2 Y; 1.3 N,basso,"1.1: «Patients were centrally randomized (1:1) using an interactive web response system (IBM Clinical Development eCRF system randomization module)» e «Randomization was stratified in blocks of 4», Methods/Randomization p. 433, 32016310 (generazione della sequenza non descritta: risposta inferita) ‖ 1.2: «an interactive web response system ... that blinded investigators and patients to assignment to iron isomaltoside or ferric carboxymaltose», Methods/Randomization p. 433, 32016310 ‖ 1.3: «Demographic and clinical characteristics were well balanced across the treatment groups in both trials (Table 1)», Results p. 435, 32016310; Table 1 trial B: fosfato 3.4 (0.5) vs 3.3 (0.5) mg/dL, emoglobina 9.6 (1.2) vs 9.3 (1.4) g/dL, p. 437, 32016310; strato fosfato di screening <3.5 mg/dL 35/62 vs 32/57, baselineCharacteristicsModule, NCT03237065",2.1 Y; 2.2 Y; 2.3 PN; 2.4 NA; 2.5 NA; 2.6 N; 2.7 PN,alcune-preoccupazioni,"2.1-2.2: «The trials were open-label without blinding of the investigational products», Methods/Interventions p. 434, 32016310; «masking: NONE», designModule, NCT03237065 ‖ 2.3: «other forms of iron supplementation, blood transfusion, erythropoiesis-stimulating agents, radiotherapy, and chemotherapy were prohibited», Methods/Interventions p. 434, 32016310; Figure 1B p. 436, 32016310: 1 paziente FCM trattato per errore con FDI, 3 non trattati per motivi pre-infusione (nonserious adverse event, protocol deviation, venous access) ‖ 2.6: «all secondary safety end points were analyzed using the safety data sets, which included all patients who received at least 1 dose of study drug», Statistical Analysis p. 434, 32016310; denominatori 61 e 56, esito senza populationDescription, outcomeMeasures POST_HOC, NCT03237065: analisi sui trattati con misura post-basale, non per assegnazione ‖ 2.7: 4/122 randomizzati coinvolti, tutti del braccio FCM (Figure 1B, 32016310); con 0/61 vs 6/56 (outcomeMeasures POST_HOC, NCT03237065) la ricollocazione per assegnazione (per esempio 0/61 vs 6/61) non cambia sostanzialmente la stima",3.1 PN; 3.2 PN; 3.3 PN; 3.4 NA,basso,"3.1: denominatori «OG000 value 61 ... OG001 value 56», outcomeMeasures POST_HOC, NCT03237065, a fronte di 61 randomizzati per braccio (Figure 1B p. 436, 32016310): braccio FCM con dato 56/61 = 91,8% nel braccio (57/61 contando il paziente trattato per errore), sotto la soglia del vault del 95% per esito dicotomico a pochi eventi (6) ‖ 3.2: nessuna analisi di sensibilità per i dati mancanti di questo esito nelle fonti (registro e 32016310) ‖ 3.3: 3 dei mancanti FCM non hanno mai ricevuto il farmaco per motivi registrati prima dell'infusione («1 Nonserious adverse event», «1 Protocol deviation», «1 Unable to obtain venous access», Figure 1B p. 436, 32016310): la mancanza non dipende dal valore di fosfato post-trattamento; resta 1 paziente per braccio senza misure post-basale («patients with no postbaseline measurements (n = 3 across both trials)», Statistical Analysis p. 434, 32016310)",4.1 PN; 4.2 N; 4.3 N; 4.4 NA; 4.5 NA,basso,"4.1: esito definito da soglia di laboratorio, «Incidence of s-phosphate level ≤1.0 mg/dL at any time from baseline to day 35», outcomeMeasures POST_HOC, NCT03237065 ‖ 4.2: «Serum phosphate ... were measured on days 0, 1, 7, 8, 14, 21, and 35», abstract p. 432, 32016310 (stesso calendario nei due bracci) ‖ 4.3: «A central laboratory that was blinded to randomized treatment performed all laboratory assays», End Points p. 434, 32016310",5.1 N; 5.2 PN; 5.3 PN,alcune-preoccupazioni,"5.1: «Post hoc analyses included ... the incidence of severe hypophosphatemia (serum phosphate level ≤1.0 mg/dL) at any time from baseline to day 35», End Points p. 434, 32016310; «type: POST_HOC», outcomeMeasures, NCT03237065; assente fra gli esiti registrati (outcomesModule, NCT03237065); regola del vault: esito post hoc → 5.1 N ‖ 5.3: la meta-analisi usa i conteggi 0/61 vs 6/56; il registro dichiara l'unica analisi alternativa e il motivo: «The rate difference ... adjusted for stratum ... could not be estimated due to lack of events. Thus, the unadjusted treatment difference is presented», outcomeMeasures POST_HOC.analyses, NCT03237065",alcune-preoccupazioni,consenso,"Due domini con alcune-preoccupazioni (D2, D5): non portato ad alto, perché l'impatto dell'analisi per trattamento ricevuto è trascurabile e la soglia post hoc ≤1.0 mg/dL è riportata in modo coerente in tutte le fonti del trial (abstract OR13-3 del 2019 «Severe hypophosphatemia ≤1 mg/dL occurred in 11.3% of FCM-treated patients compared to 0.0%», EPMC-PMC6554827; JAMA pooled 11.3%, p. 437, 32016310; 13/115 pooled, Results, 34850000; registro per trial). 5.2 NI: non si sa se siano state esplorate altre soglie di gravità prima di scegliere ≤1.0 mg/dL. Nota: 34850000 scrive «< 1.0 mg/dL» nell'abstract e «≤ 1.0 mg/dL» nel testo; fonte secondaria pooled, non usata. ‖ Consenso 2026-09-29 (utente): base passaggio B; 5.2 PN (unica soglia ≤1,0 mg/dL in tutte le fonti, come IDA04)."
NCT03237065,S3,assegnazione,1.1 PY; 1.2 Y; 1.3 N,basso,"1.1: «Patients were centrally randomized (1:1) using an interactive web response system (IBM Clinical Development eCRF system randomization module)» e «Randomization was stratified in blocks of 4», Methods/Randomization p. 433, 32016310 (generazione della sequenza non descritta: risposta inferita) ‖ 1.2: «an interactive web response system ... that blinded investigators and patients to assignment to iron isomaltoside or ferric carboxymaltose», Methods/Randomization p. 433, 32016310 ‖ 1.3: «Demographic and clinical characteristics were well balanced across the treatment groups in both trials (Table 1)», Results p. 435, 32016310; Table 1 trial B: fosfato 3.4 (0.5) vs 3.3 (0.5) mg/dL, emoglobina 9.6 (1.2) vs 9.3 (1.4) g/dL, p. 437, 32016310; strato fosfato di screening <3.5 mg/dL 35/62 vs 32/57, baselineCharacteristicsModule, NCT03237065",2.1 Y; 2.2 Y; 2.3 PN; 2.4 NA; 2.5 NA; 2.6 N; 2.7 PN,alcune-preoccupazioni,"2.1-2.2: «The trials were open-label without blinding of the investigational products», Methods/Interventions p. 434, 32016310; «masking: NONE», designModule, NCT03237065 ‖ 2.3: «other forms of iron supplementation, blood transfusion, erythropoiesis-stimulating agents, radiotherapy, and chemotherapy were prohibited», Methods/Interventions p. 434, 32016310; Figure 1B p. 436, 32016310: 1 paziente FCM trattato per errore con FDI, 3 non trattati per motivi pre-infusione ‖ 2.6: «all secondary safety end points were analyzed using the safety data sets», Statistical Analysis p. 434, 32016310; «safety analysis set» con il paziente FCM trattato per errore nel braccio FDI, Figure 1B nota b p. 436, 32016310 ‖ 2.7: 4/122 randomizzati coinvolti, tutti del braccio FCM (Figure 1B, 32016310); con 0/58 vs 25/56 (Figure 2B p. 438, 32016310) lo spostamento non cambia sostanzialmente la stima",3.1 PY; 3.2 NA; 3.3 NA; 3.4 NA,basso,"3.1: denominatori alla visita del giorno 35 «0/58» (FDI) e «25/56» (FCM), Figure 2B p. 438, 32016310; randomizzati 61/61 (Figure 1B p. 436, 32016310): con dato circa 57-58/61 FDI e 56/61 = 91,8% FCM, sopra la soglia del vault del 90% per esito non raro ‖ i mancanti FCM sono i 3 mai trattati (motivi pre-infusione) e 1 uscita per «Nonserious adverse event» (Figure 1B p. 436, 32016310); nel braccio FDI «3 Patient withdrawal», «1 Lost to follow-up»: con 0 vs 25 eventi nessuna ipotesi plausibile sui mancanti inverte la direzione",4.1 PN; 4.2 N; 4.3 N; 4.4 NA; 4.5 NA,basso,"4.1: esito definito da soglia di laboratorio, «Proportion of Subjects With Hypophosphatemia on Day 35 (S-phosphate Level <2.0 mg/dL)», outcomesModule, NCT03237065 ‖ 4.2: «Serum phosphate ... were measured on days 0, 1, 7, 8, 14, 21, and 35», abstract p. 432, 32016310 (stesso calendario nei due bracci) ‖ 4.3: «A central laboratory that was blinded to randomized treatment performed all laboratory assays», End Points p. 434, 32016310",5.1 PY; 5.2 PN; 5.3 PN,basso,"5.1: esito secondario registrato prima dell'arruolamento, «Proportion of Subjects With Hypophosphatemia on Day 35 (S-phosphate Level <2.0 mg/dL)», outcomesModule.secondaryOutcomes, NCT03237065 (studyFirstSubmitDate 2017-07-06); nell'articolo è fra gli endpoint secondari prespecificati, «prevalence of persistent hypophosphatemia at day 35», End Points p. 434, 32016310; SAP in Supplement 4 non nel vault ‖ 5.2: stessa soglia, stessa visita e stessi conteggi nel registro (0/58 vs 25/56, outcomeMeasures[2], NCT03237065) e nell'articolo (Figure 2B p. 438, 32016310); riportate tutte le visite, non solo il giorno 35 ‖ 5.3: la meta-analisi usa i conteggi grezzi; analisi CMH aggiustata per strato nel registro (RD -44.6), outcomeMeasures[2].analyses, NCT03237065",alcune-preoccupazioni,consenso,"Unico dominio non basso: D2. Le prevalenze alle singole visite sono dichiarate post hoc nell'articolo («Post hoc analyses included ... the prevalence of hypophosphatemia at each postrandomization visit», p. 434, 32016310), ma quella al giorno 35 è anche endpoint secondario registrato e prespecificato: 5.1 PY. ‖ Consenso 2026-09-29 (utente): base passaggio B."
NCT03237065,S4,assegnazione,1.1 PY; 1.2 Y; 1.3 N,basso,"1.1: «Patients were centrally randomized (1:1) using an interactive web response system (IBM Clinical Development eCRF system randomization module)» e «Randomization was stratified in blocks of 4», Methods/Randomization p. 433, 32016310 (generazione della sequenza non descritta: risposta inferita) ‖ 1.2: «an interactive web response system ... that blinded investigators and patients to assignment to iron isomaltoside or ferric carboxymaltose», Methods/Randomization p. 433, 32016310 ‖ 1.3: «Demographic and clinical characteristics were well balanced across the treatment groups in both trials (Table 1)», Results p. 435, 32016310; Table 1 trial B: fosfato 3.4 (0.5) vs 3.3 (0.5) mg/dL, p. 437, 32016310; strato fosfato di screening <3.5 mg/dL 35/62 vs 32/57, baselineCharacteristicsModule, NCT03237065",2.1 Y; 2.2 Y; 2.3 PN; 2.4 NA; 2.5 NA; 2.6 N; 2.7 PN,alcune-preoccupazioni,"2.1-2.2: «The trials were open-label without blinding of the investigational products», Methods/Interventions p. 434, 32016310; «masking: NONE», designModule, NCT03237065 ‖ 2.3: «other forms of iron supplementation, blood transfusion, erythropoiesis-stimulating agents, radiotherapy, and chemotherapy were prohibited», Methods/Interventions p. 434, 32016310; Figure 1B p. 436, 32016310: 1 paziente FCM trattato per errore con FDI, 3 non trattati per motivi pre-infusione ‖ 2.6: «Safety analysis set: included all subjects who received at least one dose of the investigational product», populationDescription, outcomeMeasures[3], NCT03237065; misallocato analizzato nel braccio FDI, Figure 1B nota b p. 436, 32016310 ‖ 2.7: 4/122 randomizzati coinvolti, tutti del braccio FCM; con variazioni al giorno 35 di 0.11 (DS 0.49) vs -0.99 (DS 0.96) mg/dL (outcomeMeasures[3], NCT03237065) l'effetto non può cambiare sostanzialmente",3.1 PY; 3.2 NA; 3.3 NA; 3.4 NA,basso,"3.1: denominatori al giorno 35 «OG000 value 58 ... OG001 value 56», outcomeMeasures[3] Day 35, NCT03237065; randomizzati 61/61 (Figure 1B p. 436, 32016310): FCM 56/61 = 91,8%, FDI circa 57-58/61, sopra la soglia del vault del 90% per esito continuo ‖ «All subjects with post baseline data were included with their observed data», outcomeMeasures[3].analyses, NCT03237065; mancanti FCM: 3 mai trattati (motivi pre-infusione) e 1 uscita per evento avverso non serio (Figure 1B p. 436, 32016310)",4.1 PN; 4.2 N; 4.3 N; 4.4 NA; 4.5 NA,basso,"4.1: «Absolute [∆] changes in s-phosphate from baseline to day 1, 7, 8, 14, 21, and 35», outcomesModule, NCT03237065: misura di laboratorio ‖ 4.2: «Serum phosphate ... were measured on days 0, 1, 7, 8, 14, 21, and 35», abstract p. 432, 32016310 (stesso calendario nei due bracci) ‖ 4.3: «A central laboratory that was blinded to randomized treatment performed all laboratory assays», End Points p. 434, 32016310",5.1 PY; 5.2 PN; 5.3 PN,basso,"5.1: esito secondario registrato prima dell'arruolamento, «Absolute [∆] Changes in S-phosphate From Baseline to Day 1, 7, 8, 14, 21, and 35», outcomesModule.secondaryOutcomes, NCT03237065 (studyFirstSubmitDate 2017-07-06); nell'articolo «changes from baseline to each postrandomization visit in ... serum phosphate» è endpoint secondario prespecificato, End Points p. 434, 32016310 ‖ 5.2: il registro riporta tutte le visite registrate (giorni 1, 7, 8, 14, 21, 35) e anche la variazione relativa; la scelta del giorno 35 è della meta-analisi (fine della finestra primaria), non del trial ‖ 5.3: la meta-analisi usa media e DS descrittive; l'analisi MMRM del registro è quella prespecificata nell'articolo («mixed models for repeated measurements», Statistical Analysis p. 434, 32016310)",alcune-preoccupazioni,consenso,"Unico dominio non basso: D2. Più risultati per l'esito (giorni 1, 7, 8, 14, 21 con usa_in_analisi = no): per quelli i domini non cambiano, salvo D3 al giorno 8 e 14 per FCM (53/61 = 86,9%, sotto la soglia del 90%: 3.1 PN; mancanti in gran parte non trattati o assenti alla visita, verosimilmente non legati al valore: resterebbe basso con 3.3 PN, ma è una risposta meno sicura). Nell'articolo le variazioni del fosfato sono solo pooled (Figure 3, 32016310); i dati per trial sono nell'eTable 5, non nel vault: si usa il registro. ‖ Consenso 2026-09-29 (utente): base passaggio B."
NCT03237065,S6,assegnazione,1.1 PY; 1.2 Y; 1.3 N,basso,"1.1: «Patients were centrally randomized (1:1) using an interactive web response system (IBM Clinical Development eCRF system randomization module)» e «Randomization was stratified in blocks of 4», Methods/Randomization p. 433, 32016310 (generazione della sequenza non descritta: risposta inferita) ‖ 1.2: «an interactive web response system ... that blinded investigators and patients to assignment to iron isomaltoside or ferric carboxymaltose», Methods/Randomization p. 433, 32016310 ‖ 1.3: «Demographic and clinical characteristics were well balanced across the treatment groups in both trials (Table 1)», Results p. 435, 32016310; Table 1 trial B p. 437, 32016310; strati di randomizzazione bilanciati, baselineCharacteristicsModule, NCT03237065",2.1 Y; 2.2 Y; 2.3 PN; 2.4 NA; 2.5 NA; 2.6 N; 2.7 PN,alcune-preoccupazioni,"2.1-2.2: «The trials were open-label without blinding of the investigational products», Methods/Interventions p. 434, 32016310; «masking: NONE», designModule, NCT03237065 ‖ 2.3: «other forms of iron supplementation, blood transfusion, erythropoiesis-stimulating agents, radiotherapy, and chemotherapy were prohibited», Methods/Interventions p. 434, 32016310; Figure 1B p. 436, 32016310: 1 paziente FCM trattato per errore con FDI, 3 non trattati per motivi pre-infusione ‖ 2.6: «Safety analysis set: included all subjects who received at least one dose of the investigational product», populationDescription, outcome «Incidence of Protocol-defined Serious or Severe Hypersensitivity Reactions», NCT03237065; «1 subject received iron isomaltoside/ferric derisomaltose in error, thus the iron isomaltoside/ferric derisomaltose group included 62 subjects», adverseEventsModule, NCT03237065 ‖ 2.7: con 0/62 vs 2/57 la ricollocazione per assegnazione (0/61 vs 2/61: i non trattati non possono avere reazioni infusionali; il misallocato non ha eventi, il braccio FDI ne ha 0) non cambia sostanzialmente la stima",3.1 PY; 3.2 NA; 3.3 NA; 3.4 NA,basso,"3.1: denominatori 62 e 57 = intero safety set, outcome «Incidence of Protocol-defined Serious or Severe Hypersensitivity Reactions» «OG000 value 0 ... OG001 value 2», NCT03237065; eventi avversi raccolti per tutta la partecipazione, «From the time subjects signed the informed consent form (CRF) and until they completed the study, all adverse events (AEs) or serious adverse events (SAEs) were reported in the CRF», adverseEventsModule.timeFrame, NCT03237065 ‖ i 3 randomizzati FCM non trattati (Figure 1B p. 436, 32016310) non hanno ricevuto alcuna infusione: il loro esito non è un dato mancante informativo per una reazione da infusione",4.1 NI; 4.2 PN; 4.3 Y; 4.4 PY; 4.5 PN,alcune-preoccupazioni,"4.1: esito con definizione di protocollo, «Incidence of Protocol-defined Serious or Severe Hypersensitivity Reactions», outcomesModule, NCT03237065 (protocollo in Supplement 1-2 non nel vault) ‖ 4.2: stessa raccolta degli eventi avversi e stesse visite nei due bracci, adverseEventsModule.timeFrame, NCT03237065; visite ai giorni 1, 7, 8, 14, 21, 35 per tutti, Methods p. 433, 32016310 ‖ 4.3: «The trials were open-label without blinding of the investigational products», p. 434, 32016310; «The Investigator described an AE regarding seriousness, severity, relatedness, and outcome», adverseEventsModule.description, NCT03237065 ‖ 4.4: regola del vault per esiti di sicurezza giudicati dal clinico in open-label; nessuna aggiudicazione in cieco documentata nelle fonti ‖ 4.5: la definizione è di protocollo e la serietà segue criteri regolatori, ma la gravità («severe») resta un giudizio dello sperimentatore; nessun indizio nelle fonti di classificazione differenziale",5.1 PY; 5.2 PN; 5.3 PN,basso,"5.1: esito secondario registrato prima dell'arruolamento, «Incidence of Protocol-defined Serious or Severe Hypersensitivity Reactions», outcomesModule.secondaryOutcomes, NCT03237065 (studyFirstSubmitDate 2017-07-06) ‖ 5.2: la misura riportata coincide con quella registrata (stessa definizione, stessa finestra «Baseline to day 35»), outcomeMeasures, NCT03237065 ‖ 5.3: conteggio di partecipanti senza analisi alternative; l'articolo riporta solo il totale pooled coerente (1 FDI, 2 FCM nei due trial), «serious or severe hypersensitivity reactions occurred in 1 patient (0.8%) in the iron isomaltoside group ... and in 2 patients (1.7%) in the ferric carboxymaltose group», Adverse Events p. 438, 32016310",alcune-preoccupazioni,consenso,"Due domini con alcune-preoccupazioni (D2, D4): non portato ad alto, perché D2 ha impatto trascurabile e in D4 l'esito ha una definizione di protocollo registrata. Riporto per trial solo nel registro, non nell'articolo (solo pooled): non è reporting selettivo, perché l'esito prespecificato ha risultati pubblicati per trial nel registro. Con 2 eventi totali, una sola riclassificazione cambierebbe la stima: è questo che rende 4.5 la risposta più incerta. ‖ Consenso 2026-09-29 (utente): base passaggio B; 4.1 NI (criteri di protocollo non nel vault)."
NCT03237065,S8b,assegnazione,1.1 PY; 1.2 Y; 1.3 N,basso,"1.1: «Patients were centrally randomized (1:1) using an interactive web response system (IBM Clinical Development eCRF system randomization module)» e «Randomization was stratified in blocks of 4», Methods/Randomization p. 433, 32016310 (generazione della sequenza non descritta: risposta inferita) ‖ 1.2: «an interactive web response system ... that blinded investigators and patients to assignment to iron isomaltoside or ferric carboxymaltose», Methods/Randomization p. 433, 32016310 ‖ 1.3: «Demographic and clinical characteristics were well balanced across the treatment groups in both trials (Table 1)», Results p. 435, 32016310; Table 1 trial B p. 437, 32016310; strati di randomizzazione bilanciati, baselineCharacteristicsModule, NCT03237065",2.1 Y; 2.2 Y; 2.3 PN; 2.4 NA; 2.5 NA; 2.6 N; 2.7 PN,alcune-preoccupazioni,"2.1-2.2: «The trials were open-label without blinding of the investigational products», Methods/Interventions p. 434, 32016310; «masking: NONE», designModule, NCT03237065 ‖ 2.3: «other forms of iron supplementation, blood transfusion, erythropoiesis-stimulating agents, radiotherapy, and chemotherapy were prohibited», Methods/Interventions p. 434, 32016310; Figure 1B p. 436, 32016310: 1 paziente FCM trattato per errore con FDI, 3 non trattati per motivi pre-infusione ‖ 2.6: gruppi degli eventi avversi per trattamento ricevuto, «seriousNumAtRisk: 62» e «seriousNumAtRisk: 57» e «1 subject received iron isomaltoside/ferric derisomaltose in error, thus the iron isomaltoside/ferric derisomaltose group included 62 subjects», adverseEventsModule, NCT03237065 ‖ 2.7: 0 eventi in entrambi i bracci (unico SAE: «Dehydration», SOC Metabolism and nutrition disorders, seriousEvents, NCT03237065): la ricollocazione di 4 pazienti non può cambiare la stima",3.1 PY; 3.2 NA; 3.3 NA; 3.4 NA,basso,"3.1: SAE raccolti su tutto il safety set, «seriousNumAffected: 0; seriousNumAtRisk: 62» (FDI) e «seriousNumAffected: 1; seriousNumAtRisk: 57» (FCM), adverseEventsModule.eventGroups, NCT03237065; «From the time subjects signed the informed consent form (CRF) and until they completed the study, all adverse events (AEs) or serious adverse events (SAEs) were reported in the CRF», adverseEventsModule.timeFrame, NCT03237065 ‖ i 3 randomizzati FCM non trattati (Figure 1B p. 436, 32016310) non hanno ricevuto il farmaco: esclusione non informativa per SAE indotti dal trattamento",4.1 PN; 4.2 PN; 4.3 Y; 4.4 PY; 4.5 PN,alcune-preoccupazioni,"4.1: SAE codificati per PT e SOC, «sourceVocabulary: MedDRA 20.1», «assessmentType: SYSTEMATIC_ASSESSMENT», seriousEvents, NCT03237065 ‖ 4.2: stessa raccolta e stessa durata nei due bracci, adverseEventsModule.timeFrame, NCT03237065 ‖ 4.3: «The trials were open-label without blinding of the investigational products», p. 434, 32016310; «The Investigator described an AE regarding seriousness, severity, relatedness, and outcome», adverseEventsModule.description, NCT03237065 ‖ 4.4: regola del vault per S8b in open-label; nessuna aggiudicazione in cieco documentata ‖ 4.5: la serietà segue criteri regolatori poco discrezionali e non risultano SAE cardiaci o vascolari in nessun braccio; nessun indizio di classificazione differenziale",5.1 PY; 5.2 PN; 5.3 PN,basso,"5.1: raccolta sistematica di tutti gli AE e SAE definita a priori («all adverse events (AEs) or serious adverse events (SAEs) were reported in the CRF», adverseEventsModule.timeFrame, NCT03237065); gli SAE del registro sono elencati senza soglia di frequenza (la soglia 5% vale solo per gli otherEvents: «frequencyThreshold: 5») ‖ 5.2: l'aggregazione per SOC Cardiac disorders + Vascular disorders è della meta-analisi (protocollo §6.2), non una scelta del trial fra più misure ‖ 5.3: conteggio di partecipanti senza analisi alternative",alcune-preoccupazioni,consenso,"Due domini con alcune-preoccupazioni (D2, D4): non portato ad alto, perché lo zero in entrambi i bracci non è sensibile né alla ricollocazione per assegnazione né a plausibili errori di classificazione. Doppio zero: in base al protocollo §11 entra solo nella RD. Il JAMA non riporta gli SAE per trial (Table 2 elenca solo le reazioni avverse ≥5%, p. 441, 32016310): si usa il registro. ‖ Consenso 2026-09-29 (utente): base passaggio B."
NCT02905539,P1,assegnazione,1.1 Y; 1.2 PY; 1.3 PN,basso,"1.1-1.2: «eligible participants were randomized by a computer-based system to receive either FCM or FDI» (Methods, Study population; 32654663): generazione e occultamento non descritti, inferiti dal sistema informatico e dalla cecità ‖ 1.2: «a prospective, randomized, single-center, double-blinded clinical trial» (Methods; 32654663) ‖ «masking: QUADRUPLE» (designModule.maskingInfo; NCT02905539) ‖ 1.3: «systolic blood pressure was significantly higher (p = 0.022) and serum 25-hydroxyvitamin D3 levels were significantly lower (p = 0.026) in the FCM treatment group [...] other baseline characteristics did not differ significantly» (Results, Baseline characteristics; Table 1; 32654663): 2 differenze su circa 30 variabili con n = 26, compatibili col caso",2.1 N; 2.2 N; 2.3 NA; 2.4 NA; 2.5 NA; 2.6 PY; 2.7 NA,basso,"2.1-2.2: «whoMasked: PARTICIPANT, CARE_PROVIDER, INVESTIGATOR, OUTCOMES_ASSESSOR» (designModule.maskingInfo; NCT02905539) ‖ «double-blinded clinical trial» (Methods; 32654663) ‖ 2.6: «randomized to FCM (n = 13) or to FDI (n = 13) [...] All participants received a single infusion of 1000 mg either FCM or FDI» (Results par. 1; 32654663) ‖ «leaving 25 participants for analysis» (Additional file 5: Table S4, nota; 32654663-suppl): analisi per braccio assegnato, unica esclusione il ritiro del consenso (trattato in D3)",3.1 Y; 3.2 NA; 3.3 NA; 3.4 NA,basso,"3.1: «One woman who was randomized to FCM withdrew her informed consent after receiving the study drug, but before the final study visit» (Results par. 1; 32654663) ‖ «75% (9 of 12) of the women in the FCM group and 8% (1 of 13) in the FDI group» (Results, Endpoints; 32654663): 25/26 randomizzati (96%), FCM 12/13 (92%), sopra la soglia del 90% per un esito non raro; contando la persa come evento (10/13) o non evento (9/13) la direzione non cambia",4.1 N; 4.2 N; 4.3 N; 4.4 NA; 4.5 NA,basso,"4.1: «routine laboratory parameters were analyzed at the Department of Laboratory Medicine of the Saarland University Medical Center» (Methods, Laboratory tests; 32654663) ‖ 4.2: «Blood samples were drawn under standardized conditions» (Methods, Laboratory tests) e stesse visite per i due bracci «visit 3 [...] day 7 ± 2 (visit 4), and at day 35 ± 2 (visit 5)» (Methods, Study population; 32654663) ‖ 4.3: «whoMasked: [...] OUTCOMES_ASSESSOR» (designModule.maskingInfo; NCT02905539); esito di laboratorio oggettivo (regola del vault)",5.1 PN; 5.2 PN; 5.3 PN,alcune-preoccupazioni,"5.1: «We initially planned to randomize 60 patients, but a priori decided to include an interim analysis after inclusion of 30 patients, with the option to stop the study if the primary endpoint was prematurely met. For logistic reasons, we decided to perform this interim analysis after 26 rather than 30 patients» (Methods, Statistical analysis; 32654663) ‖ «60 women with iron deficient anemia will be randomised» e «oversightHasDmc: false», nessuna analisi ad interim né regola d'arresto nel registro (descriptionModule, oversightModule; NCT02905539) ‖ «completing a clinical trial after interim analyses always bears a risk to overestimate a treatment difference» (Discussion, limiti; 32654663) ‖ registrato il 2016-09-08 (studyFirstSubmitDate; NCT02905539), dopo l'inizio dello screening «From August 2016» (Results; 32654663) ma prima dei risultati; nessun SAP o protocollo pubblicato ‖ 5.2: registro «a drop of serum phosphate below 2.0 mg/dl», «From baseline to day 35» (outcomesModule.primaryOutcomes; NCT02905539) = articolo «plasma phosphorus levels < 2.0 mg/dL) during any of the three follow-up visits» (Methods, Endpoints; 32654663) ‖ 5.3: «Differences in the incidence of hypophosphatemia between the two treatment arms were assessed by Fisher's exact test» (Methods, Statistical analysis; 32654663): una sola analisi riportata",alcune-preoccupazioni,consenso,"Risultato valutato: incidenza a qualsiasi visita post-infusione (0-37 giorni), 9/12 FCM vs 1/13 FDI (Results, Endpoints; 32654663), unica riga usata per P1. D5 alcune-preoccupazioni per l'arresto all'analisi ad interim (anticipata da 30 a 26 pazienti, non prevista nel registro, senza DMC né regola d'arresto dichiarata): il risultato riportato è quello di un look ad interim, con rischio di sovrastima dichiarato dagli autori. P1 è l'esito che ha motivato l'arresto: qui il problema pesa più che per S3 e S4. ‖ Consenso 2026-09-29 (utente): base passaggio A; 1.1 Y («randomized by a computer-based system», metodo dichiarato). Per GRADE: trial fermato all'analisi ad interim (anticipata a 26 pazienti, non prevista nel registro), possibile sovrastima dell'effetto non coperta da RoB 2."
NCT02905539,S3,assegnazione,1.1 Y; 1.2 PY; 1.3 PN,basso,"1.1-1.2: «eligible participants were randomized by a computer-based system to receive either FCM or FDI» (Methods, Study population; 32654663): generazione e occultamento non descritti, inferiti dal sistema informatico e dalla cecità ‖ 1.2: «a prospective, randomized, single-center, double-blinded clinical trial» (Methods; 32654663) ‖ «masking: QUADRUPLE» (designModule.maskingInfo; NCT02905539) ‖ 1.3: «systolic blood pressure was significantly higher (p = 0.022) and serum 25-hydroxyvitamin D3 levels were significantly lower (p = 0.026) in the FCM treatment group [...] other baseline characteristics did not differ significantly» (Results, Baseline characteristics; Table 1; 32654663)",2.1 N; 2.2 N; 2.3 NA; 2.4 NA; 2.5 NA; 2.6 PY; 2.7 NA,basso,"2.1-2.2: «whoMasked: PARTICIPANT, CARE_PROVIDER, INVESTIGATOR, OUTCOMES_ASSESSOR» (designModule.maskingInfo; NCT02905539) ‖ «double-blinded clinical trial» (Methods; 32654663) ‖ 2.6: «All participants received a single infusion of 1000 mg either FCM or FDI» (Results par. 1; 32654663) ‖ «One participant – randomized to the FCM treatment arm – withdrew her informed consent after visit 3, leaving 25 participants for analysis» (Additional file 5: Table S4, nota; 32654663-suppl): analisi per braccio assegnato",3.1 Y; 3.2 NA; 3.3 NA; 3.4 NA,basso,"3.1: «FCM [...] 3 / 12 (25 %)», «FDI [...] 1 / 13 (8 %)» alla Visit 5 (day 33 – 37) (Additional file 5: Table S4; 32654663-suppl) ‖ «withdrew her informed consent after visit 3, leaving 25 participants for analysis» (Table S4, nota; 32654663-suppl): 25/26 (96%), FCM 12/13 (92%); con la persa contata come evento (4/13) la direzione non cambia",4.1 N; 4.2 N; 4.3 N; 4.4 NA; 4.5 NA,basso,"4.1: «routine laboratory parameters were analyzed at the Department of Laboratory Medicine of the Saarland University Medical Center» (Methods, Laboratory tests; 32654663) ‖ 4.2: «Blood samples were drawn under standardized conditions» (Methods, Laboratory tests; 32654663) e visita 5 «day 33 to day 37» per entrambi i bracci (Additional file 3: Table S2; 32654663-suppl) ‖ 4.3: «whoMasked: [...] OUTCOMES_ASSESSOR» (designModule.maskingInfo; NCT02905539); esito di laboratorio oggettivo",5.1 PN; 5.2 N; 5.3 PN,alcune-preoccupazioni,"5.1: l'ipofosfatemia all'ultima visita non è un esito registrato: il registro elenca solo «Incidence of hypophosphatemia [...] From baseline to day 35» (outcomesModule.primaryOutcomes; NCT02905539); il dato è la scomposizione per visita dell'endpoint primario (Additional file 5: Table S4; 32654663-suppl) ‖ «a priori decided to include an interim analysis after inclusion of 30 patients [...] we decided to perform this interim analysis after 26 rather than 30 patients» (Methods, Statistical analysis; 32654663), analisi ad interim assente dal registro ‖ 5.2: Table S4 riporta tutte le visite «Visit 2 (Baseline) Visit 3 (day 1) Visit 4 (day 5 – 9) Visit 5 (day 33 – 37)» (Additional file 5: Table S4; 32654663-suppl) ‖ 5.3: solo conteggi descrittivi per visita, nessun test sul dato di visita 5 (Table S4; 32654663-suppl)",alcune-preoccupazioni,consenso,"Risultato valutato: ipofosfatemia alla visita 5 (day 33-37), 3/12 FCM vs 1/13 FDI (Table S4, supplemento), unica riga usata per S3. D5: esito non prespecificato come tale ma tabellato per tutte le visite (nessun segno di selezione) più l'arresto ad interim non registrato; 5.1 PN e non N perché non è dichiarato post hoc, è la scomposizione descrittiva dell'endpoint primario. ‖ Consenso 2026-09-29 (utente): base passaggio A; 1.1 Y («randomized by a computer-based system», metodo dichiarato). Per GRADE: trial fermato all'analisi ad interim (anticipata a 26 pazienti, non prevista nel registro), possibile sovrastima dell'effetto non coperta da RoB 2."
NCT02905539,S4,assegnazione,1.1 Y; 1.2 PY; 1.3 PN,basso,"1.1-1.2: «eligible participants were randomized by a computer-based system to receive either FCM or FDI» (Methods, Study population; 32654663) ‖ «a prospective, randomized, single-center, double-blinded clinical trial» (Methods; 32654663) ‖ «masking: QUADRUPLE» (designModule.maskingInfo; NCT02905539) ‖ 1.3: «other baseline characteristics did not differ significantly between the two treatment groups» (Results, Baseline characteristics; 32654663); fosfato basale «3.2 ± 0.4 | 3.6 ± 0.6 | 0.101» (Table 1; 32654663), differenza non significativa compatibile col caso",2.1 N; 2.2 N; 2.3 NA; 2.4 NA; 2.5 NA; 2.6 PY; 2.7 NA,basso,"2.1-2.2: «whoMasked: PARTICIPANT, CARE_PROVIDER, INVESTIGATOR, OUTCOMES_ASSESSOR» (designModule.maskingInfo; NCT02905539) ‖ «double-blinded clinical trial» (Methods; 32654663) ‖ 2.6: «All participants received a single infusion of 1000 mg either FCM or FDI» (Results par. 1; 32654663) ‖ «the two groups were compared using t test for independent samples» (Methods, Statistical analysis; 32654663): confronto per braccio assegnato",3.1 PY; 3.2 NA; 3.3 NA; 3.4 NA,basso,"3.1: n per visita non riportato in Table 2 (Table 2; 32654663); il fosfato alla visita 5 risulta misurato in 12/13 FCM e 13/13 FDI «FCM [...] 3 / 12», «FDI [...] 1 / 13» (Additional file 5: Table S4; 32654663-suppl) ‖ «withdrew her informed consent after visit 3, leaving 25 participants for analysis» (Table S4, nota; 32654663-suppl): 25/26 (96%), sopra il 90%; inferito, quindi PY",4.1 N; 4.2 N; 4.3 N; 4.4 NA; 4.5 NA,basso,"4.1: «routine laboratory parameters were analyzed at the Department of Laboratory Medicine of the Saarland University Medical Center» (Methods, Laboratory tests; 32654663) ‖ 4.2: «Blood samples were drawn under standardized conditions» (Methods, Laboratory tests; 32654663), stesse visite nei due bracci (Additional file 3: Table S2; 32654663-suppl) ‖ 4.3: «whoMasked: [...] OUTCOMES_ASSESSOR» (designModule.maskingInfo; NCT02905539); esito di laboratorio oggettivo",5.1 PN; 5.2 N; 5.3 PN,alcune-preoccupazioni,"5.1: esito registrato «Changes of plasma phosphate concentrations. [...] From baseline to day 35» (outcomesModule.secondaryOutcomes; NCT02905539), ma nessun piano d'analisi pubblico e analisi eseguita al look ad interim anticipato «after 26 rather than 30 patients» (Methods, Statistical analysis; 32654663), non previsto nel registro «60 women [...] will be randomised» (descriptionModule; NCT02905539) ‖ 5.2: Table 2 riporta media ± SD a tutte le visite «Phosphorus [mg/dL] | 3.2 ± 0.4 | 3.3 ± 0.5 | 1.9 ± 0.3 | 2.5 ± 0.8 [...] 3.6 ± 0.6 | 3.8 ± 0.7 | 2.7 ± 0.6 | 3.2 ± 0.6» (Table 2; 32654663) ‖ 5.3: «Comparison over time was performed by ANOVA with repeated measures [...] Relative changes from baseline to each individual follow-up time point [...] compared by t test» (Methods, Statistical analysis; 32654663), entrambe riportate per ogni visita (Table 2, p [V3] [V4] [V5])",alcune-preoccupazioni,consenso,"Risultato valutato: valore a V5 (day 35 ± 2), FCM 2.5 ± 0.8 vs FDI 3.2 ± 0.6 mg/dL (Table 2), unica riga usata per S4; valore finale e non variazione dal basale perché la fonte non dà la DS della variazione. Il fosfato basale era più basso nel braccio FCM (3.2 vs 3.6 mg/dL, p = 0.101, Table 1): squilibrio casuale, non un problema di randomizzazione (1.3 PN), ma con n = 26 la MD sui valori finali include circa 0.4 mg/dL di differenza basale; da considerare in sensibilità o in GRADE, non in RoB 2. ‖ Consenso 2026-09-29 (utente): base passaggio A; 1.1 Y («randomized by a computer-based system», metodo dichiarato). Per GRADE: trial fermato all'analisi ad interim (anticipata a 26 pazienti, non prevista nel registro), possibile sovrastima dell'effetto non coperta da RoB 2. Per l'analisi: S4 usa valori finali a V5 con fosfato basale più basso nel braccio FCM (3.2 vs 3.6 mg/dL, p = 0.101); analisi di sensibilità senza questo trial."
EudraCT-2019-004370-26,P1,assegnazione,1.1 PY; 1.2 Y; 1.3 PN,basso,"1.1: «randomized in a 1:1 ratio ... using a web-based application (www.sealedenvelope.com)» (Methods, 38347520); «randomized in a 1:1 fashion using an online software (sealedenvelope.com) ... No stratification took place» (Randomization Process, p. 155, 37015198); metodo di generazione non descritto oltre il software ‖ 1.2: «Participants were enrolled in the study by the principal investigator who was blind to allocation. A single research nurse (who was not blinded) was responsible for assignment» (Methods, 38347520); «The administering nurse and pharmacy were aware of preparation provided and held details of iron therapy, with no access to the investigator» (Randomization Process, 37015198) ‖ 1.3: «At baseline the two groups were comparable for all variables assessed with the exception of age, 24-hour urinary phosphate excretion and heart failure incidence» (Results, Baseline, 38347520); fosfato basale FDI 1.30 vs FCM 1.20 mmol/L, p = 0.193 (Table 1, 38347520); scompenso 1/14 vs 6/12, p = 0.0026 (Table 2, 38347520): 3 squilibri su circa 50 variabili con n = 26, compatibili con il caso",2.1 N; 2.2 Y; 2.3 PN; 2.4 NA; 2.5 NA; 2.6 Y; 2.7 NA,basso,"2.1: «Participant and principal investigator/study doctor were blind to allocation throughout the study» (Methods, 38347520) ‖ 2.2: «A single research nurse (who was not blinded) was responsible for assignment of patients and administration of medication» (Methods, 38347520) ‖ 2.3: infermiere e farmacia «with no access to the investigator» (Randomization Process, 37015198); «There was no postponement of second infusion due to hypophosphatemia» (Results, Intact FGF23 and phosphate, 38347520); dose media «1428.6 (SD: 331.5) mg and 1500 (SD: 213.2) mg in the FDI and FCM groups respectively (p = 0.53)» (Results, 38347520) ‖ 2.6: «An intention-to-treat approach was adopted, with all randomized participants included in the statistical analysis» (Statistical analysis, 38347520); denominatore usato 14/12 = randomizzati",3.1 PN; 3.2 PN; 3.3 PY; 3.4 PN,alcune-preoccupazioni,"3.1: fosfato nella finestra 0-35 (visite 3, 4, 5) disponibile per FDI 14, 13, 12 su 14 e FCM 11, 10, 11 su 12 (Table 4, 38347520): al massimo 11/12 (91.7%) FCM con un valore post-basale e 10/12 alla visita di 2 settimane, sotto la soglia del 95% per esito dicotomico raro; «Not all patients contributed samples at all visits attended» (Discussion, limitazioni, 38347520) ‖ 3.2: nessuna imputazione né analisi di sensibilità descritta; «The data collection issues may have affected the statistical analysis» (Discussion, 38347520) ‖ 3.3: motivi dei campioni mancanti non riportati; ricoveri per SAE e avvio di dialisi nel periodo (Suppl. Table 5, 38347520-suppl; «Three (11.5%) participants in the FDI group commenced hemodialysis during the trial», Results, Safety, 38347520) possono legarsi allo stato del fosfato ‖ 3.4: mancanti simili nei due bracci (Table 4, 38347520); mediana FCM a 2 settimane 1.09 (IQR 0.94–1.23) mmol/L, lontana da 0.65 (Table 4, 38347520); controllo del fosfato alla visita 5 prima della seconda dose e «no postponement of second infusion due to hypophosphatemia» (Results, 38347520)",4.1 PN; 4.2 N; 4.3 N; 4.4 NA; 4.5 NA,basso,"4.1: «Serum phosphate and adjusted calcium were analyzed through the AU5800 automated analyser» (6H syndrome markers, 38347520); «Hypophosphatemia was defined as a value less than 0.65 mmol/L» (Measurements, 38347520) ‖ 4.2: stesso calendario di prelievi per entrambi i bracci (Table 4 Schedule of events, visite 2-7, 37015198) e stesso laboratorio ‖ 4.3: «Participant and principal investigator/study doctor were blind to allocation throughout the study» (Methods, 38347520); misura automatizzata di laboratorio (regola del vault: esito di laboratorio oggettivo)",5.1 PY; 5.2 PN; 5.3 PN,basso,"5.1: registro EU CTR E.5.2 «Incidence of hypophosphataemia (<0.65 mmol/L) and severe hypophosphataemia (<0.3mmol/L)», record inserito il 2019-12-03 (EUCTR-2019-004370-26, Summary), prima dell'arruolamento («The study ran between March 2020 and July 2021», Results, Baseline, 38347520); «Statistical analysis will be reported as per our statistical analysis plan» (Statistical Analysis, 37015198): SAP non pubblico ‖ 5.2: prespecificato «at each time point» (Table 2, 37015198; Suppl. Table 2, 38347520-suppl), riportato come «No moderate or severe hypophosphatemia were noted as per protocol (serum phosphate concentration < 0.65 mmol/L)» (Results, 38347520) e «there was no incidence of hypophosphatemia in the study» (Discussion, 38347520): zero su tutte le visite, nessuna scelta fra tempi può cambiare il risultato ‖ 5.3: conteggio descrittivo, nessuna analisi alternativa",alcune-preoccupazioni,consenso,"Risultato valutato: 38347520, finestra primaria 0-35 (zero sull'intero studio 0-60 esteso alla finestra primaria per decisione dell'utente), denominatore ITT 14/12. Le righe P1 estese (0-60; 38347520 e 37884522) non sono usate e avrebbero gli stessi giudizi (in D3 mancanti maggiori alla visita 6: FDI 9/14). Discordanze registro/pubblicazioni (EU CTR E.3 eGFR > 20 contro CKD 3a-5 con 7 in stadio 5; E.8.1.5 «Parallel group No»; D.8.1 placebo «Yes» contro E.8.2.2 «No»; E.5.1 con %iFGF23 a 2 settimane fra i primari mentre gli articoli lo danno come secondario) non riguardano P1. Finanziamento con grant Pharmacosmos: non è un dominio RoB 2. ‖ Consenso 2026-09-29 (utente): base passaggio B; 4.1 PN (come PHOSPHARE). Per GRADE: squilibri al basale (scompenso cardiaco 1/14 vs 6/12; età 63.4 vs 73.2) e p dello scompenso discordante fra fonti (0.0026 in 38347520, 0.026 in 37884522)."
EudraCT-2019-004370-26,S2,assegnazione,1.1 PY; 1.2 Y; 1.3 PN,basso,"1.1: «randomized in a 1:1 ratio ... using a web-based application (www.sealedenvelope.com)» (Methods, 38347520); «online software (sealedenvelope.com) ... No stratification took place» (Randomization Process, 37015198) ‖ 1.2: «Participants were enrolled in the study by the principal investigator who was blind to allocation» (Methods, 38347520); «with no access to the investigator» (Randomization Process, 37015198) ‖ 1.3: squilibri solo per età, fosfaturia 24 h e scompenso (Results, Baseline; Tables 1-2, 38347520), fosfato basale p = 0.193: compatibili con il caso a n = 26",2.1 N; 2.2 Y; 2.3 PN; 2.4 NA; 2.5 NA; 2.6 Y; 2.7 NA,basso,"2.1: «Participant and principal investigator/study doctor were blind to allocation throughout the study» (Methods, 38347520) ‖ 2.2: «A single research nurse (who was not blinded) was responsible for assignment of patients and administration of medication» (Methods, 38347520) ‖ 2.3: «with no access to the investigator» (Randomization Process, 37015198); «There was no postponement of second infusion due to hypophosphatemia» (Results, 38347520); dosi medie simili, p = 0.53 (Results, 38347520) ‖ 2.6: «An intention-to-treat approach was adopted, with all randomized participants included» (Statistical analysis, 38347520); denominatore 14/12",3.1 PN; 3.2 PN; 3.3 PY; 3.4 PN,alcune-preoccupazioni,"3.1: finestra 0-60: fosfato disponibile per visita FDI 14, 13, 12, 9, 13 su 14 e FCM 11, 10, 11, 10, 10 su 12 (Table 4, 38347520); al massimo 11/12 FCM con valore post-basale, FDI 9/14 alla visita 6; «Not all patients contributed samples at all visits attended» (Discussion, 38347520) ‖ 3.2: nessuna imputazione o analisi di sensibilità (Statistical analysis, 38347520) ‖ 3.3: motivi dei mancanti non riportati; SAE con ricovero e avvio di dialisi (Suppl. Table 5, 38347520-suppl) possono legarsi al fosfato ‖ 3.4: mancanti di entità simile nei due bracci (Table 4, 38347520); raccolta degli AE a tutte le visite («recording adverse and serious adverse events ... at all visits», Follow-Up, 37015198)",4.1 PN; 4.2 N; 4.3 N; 4.4 NA; 4.5 NA,basso,"4.1: fosfato su analizzatore automatico AU5800 (6H syndrome markers, 38347520); soglia esplicita «One episode of transient, non-symptomatic mild hypophosphatemia was seen (< 0.81 mmol/L) in each group» (Discussion, 38347520); conteggio coincidente con gli AE «Mild hypophosphatemia» FDI e FCM (Suppl. Table 5, 38347520-suppl); non è detto se derivi da tutti i valori di laboratorio o dalla segnalazione AE ‖ 4.2: stesso calendario di prelievi e di raccolta AE («Safety assessment (adverse events)» a ogni visita, Table 4, 37015198) ‖ 4.3: «Participant and principal investigator/study doctor were blind to allocation throughout the study» (Methods, 38347520)",5.1 N; 5.2 PN; 5.3 PN,alcune-preoccupazioni,"5.1: la soglia <0.81 mmol/L non compare fra gli esiti prespecificati, che indicano solo «<0.65 mmol/L» e «<0.3mmol/L» (EU CTR E.5.2, EUCTR-2019-004370-26; Table 2, 37015198; Suppl. Table 2, 38347520-suppl); il registro prevede solo di «monitor the tolerance and safety ... by monitoring events of hypophosphataemia» (E.2.2): esito post hoc, 5.1 N per regola del vault ‖ 5.2: il dato coincide con l'elenco completo degli AE (Suppl. Table 5, 38347520-suppl) e con «possibly one on each group being related to the study group (mild hypophosphatemia)» (Results, Safety, 38347520); 1 contro 1, nessun segno di scelta fra soglie o tempi in base al risultato ‖ 5.3: conteggio descrittivo, nessuna analisi alternativa",alcune-preoccupazioni,consenso,"Risultato valutato: 38347520, finestra estesa 0-60 (unica disponibile; tempo dell'episodio non riportato), denominatore ITT 14/12, fonte che conta episodi e non pazienti (1 episodio per braccio = 1 paziente). Due domini con alcune-preoccupazioni (D3, D5): giudizio complessivo non portato ad alto perché il dato è coerente fra Discussion, Results/Safety e Suppl. Table 5 e le due preoccupazioni sono modeste. Incoerenze interne di Suppl. Table 5 sui totali AE (27 in 18 pazienti, 12+8=20) non toccano la riga «Mild hypophosphatemia». ‖ Consenso 2026-09-29 (utente): base passaggio B; 4.1 PN (come PHOSPHARE). Per GRADE: squilibri al basale (scompenso cardiaco 1/14 vs 6/12; età 63.4 vs 73.2) e p dello scompenso discordante fra fonti (0.0026 in 38347520, 0.026 in 37884522)."
NCT03957057,S1,assegnazione,1.1 Y; 1.2 Y; 1.3 PN,basso,"1.1 Y: «sequentially numbered (according to a computer-generated random allocation sequence), opaque, sealed envelopes» (38337452 §2.2; EPMC-PPR609550 Methods p. 4) ‖ 1.2 Y: stessa frase; «sequentially numbered, opaque envelopes prepared according to a computer-generated randomization sequence» (41375693 §2.3) ‖ 1.3 PN: Hb basale FCM «92 (86–98)» vs FDI «91 (87–95)»; unica differenza nel braccio orale, «Given the adequate randomization technique, we attribute this to chance» (EPMC-PPR609550 Table 1 p. 9 e p. 15; 38337452 §4) ‖ «Baseline phosphate levels and proportions of participants with hypophosphatemia at inclusion were similar in the three groups» (41375693 Results par. 2)",2.1 Y; 2.2 Y; 2.3 PN; 2.4 NA; 2.5 NA; 2.6 PN; 2.7 PN,alcune-preoccupazioni,"2.1 Y: «Due to the nature of the interventions, blinding of participants and investigators was not feasible» (41375693 §2.3) ‖ 2.2 Y: stessa frase; «IV medications were prepared and administered exclusively by nursing staff not otherwise involved in the study procedures» (41375693 §2.3) ‖ 2.3 PN: l'unica non aderenza riguarda il braccio orale, «one participant allocated to the ferrous sulphate group received intravenous ferric carboxymaltose» (EPMC-PPR609550 Results p. 8); la sospensione FDI «Discontinued intervention (Fishbane reaction) (n=1)» è un evento avverso, non una deviazione dovuta al contesto del trial (EPMC-PPR609550 Figure 1 p. 7) ‖ 2.6 PN: «Participants who required blood transfusion for symptomatic anemia after enrollment, as well as those who did not attend the six-week postpartum follow-up, were excluded from the final dataset» (41375693 §2.6), pur dichiarando «intention-to-treat principle»; esclusione per trasfusione post-randomizzazione solo nel braccio FDI, «Excluded from analysis (received blood transfusion after allocation) (n=3)» (EPMC-PPR609550 Figure 1 p. 7) ‖ 2.7 PN: 3/100 esclusi in un solo braccio (FDI 93 = 100 − 4 persi − 3 trasfuse; FCM 95 = 100 − 5 persi; EPMC-PPR609550 Figure 1 e 41375693 Results par. 3); zero eventi gravi nei bracci EV «no cases of severe hypophosphatemia in the IV iron groups» (41375693 Discussion par. 4): impatto sostanziale poco plausibile",3.1 PN; 3.2 N; 3.3 PY; 3.4 PN,alcune-preoccupazioni,"3.1 PN: «Primary outcome data were unavailable for 18 participants: 16 did not attend the six-week postpartum follow-up visit ... In addition, four participants were excluded from the final analysis for receiving blood transfusions» (41375693 Results par. 1); analizzate 95/100 FCM (95%) e 93/100 FDI (93%) (41375693 Results par. 3, «3 out of 95», «2 out of 93»); esito dicotomico raro (zero eventi nei bracci EV): soglia del vault ≥ 95% non raggiunta nel braccio FDI ‖ 3.2 N: nessuna analisi di sensibilità né imputazione descritta (41375693 §2.6) ‖ 3.3 PY: mancanza per mancata visita a 6 settimane e per trasfusione legata al decorso dell'anemia, entrambe potenzialmente legate allo stato clinico (41375693 Results par. 1) ‖ 3.4 PN: l'ipofosfatemia è un reperto di laboratorio asintomatico, non noto alla paziente al momento dell'abbandono; perdite simili fra bracci (FCM 5, FDI 4 + 3 trasfuse; EPMC-PPR609550 Figure 1)",4.1 PN; 4.2 N; 4.3 Y; 4.4 N; 4.5 NA,basso,"4.1 PN: fosfato sierico con soglia definita, «severe hypophosphatemia, defined as <0.34 mmol/L (equivalent to <1.05 mg/dL), at six weeks follow-up» (41375693 §2.4) ‖ 4.2 N: «Serum phosphate level was measured at enrollment and 6 weeks postpartum» per tutti i bracci (41375693 Abstract) ‖ 4.3 PY: «blinding of participants and investigators was not feasible» (41375693 §2.3); cecità del laboratorio non descritta ‖ 4.4 N: esito di laboratorio oggettivo (regola del vault, rob2-meta §3 D4); «outcomes were either participants' self-reported fatigue or laboratory values» (38337452 §4)",5.1 PN; 5.2 PN; 5.3 PN,alcune-preoccupazioni,"5.1 PN: il registro (primo invio 2019-05-14, arruolamento dal 2020-09-10, ultimo aggiornamento 2022-06-24) ha come primario «Multidimensional Fatigue Inventory (MFI) score» e nessun esito sul fosfato fra i secondari (NCT03957057 outcomesModule) ‖ «The pre-specified primary outcome was a fatigue score» con numerosità calcolata sul MFI (38337452 §2.3-2.4) ‖ 41375693 dichiara invece «The primary outcome of the study was the proportion of participants with hypophosphatemia» e numerosità «based on previously reported rates of hypophosphatemia» (41375693 §2.4-2.5): prespecificazione affermata solo nell'articolo del 2025, non documentata in fonti precedenti ai risultati e in contrasto con registro e articolo principale ‖ 5.2 PN: una sola misura post-trattamento (6 settimane) e soglie convenzionali citate, «Hypophosphatemia is defined as a serum phosphate level less than 0.83 mmol/L, with values <0.34 mmol/L considered severe [5,18,19,20]» (41375693 §1); riportati il valore a 6 settimane, la proporzione e la forma grave elencati in §2.4 ‖ 5.3 PN: unica analisi dichiarata, «the Chi-squared test for comparison of proportions» (41375693 Abstract; §2.6)",alcune-preoccupazioni,consenso,"Risultato valutato: 41375693, finestra primaria (giorno 42), soglia vera <0.34 mmol/L, 0/95 FCM e 0/93 FDI (ma-bracci.csv). Zero eventi in entrambi i bracci. Complessivo non portato ad alto nonostante tre domini con alcune-preoccupazioni: D2 e D3 derivano in parte dalle stesse 3 esclusioni per trasfusione nel braccio FDI (conteggiate in 2.6 perché escluse pur non essendo dati mancanti, e nel 93% di 3.1), e la preoccupazione di D5 riguarda l'esito non registrato con risultato nullo e tutte le misure prespecificate nell'articolo riportate. Non trattato come bias ma da segnalare a GRADE (indirectness): fosfato misurato solo a 6 settimane, «We only measured phosphate levels six weeks after treatments» (41375693 Discussion par. 5), quindi ipofosfatemia transitoria non rilevabile. Variazione del fosfato dal basale (secondario prespecificato, §2.4) e Table 2 non leggibili nel fulltext convertito. ‖ Consenso 2026-09-29 (utente): base passaggio A (D3 AP: motivi delle 16 visite mancate non riportati); 4.3 Y (open-label dichiarato). Complessivo lasciato AP con tre domini AP: D2 e D3 contano le stesse 3 trasfuse. Per GRADE: fosfato misurato solo a 6 settimane (indirectness)."
NCT03957057,S2,assegnazione,1.1 Y; 1.2 Y; 1.3 PN,basso,"1.1 Y: «sequentially numbered (according to a computer-generated random allocation sequence), opaque, sealed envelopes» (38337452 §2.2; EPMC-PPR609550 Methods p. 4) ‖ 1.2 Y: stessa frase; «sequentially numbered, opaque envelopes prepared according to a computer-generated randomization sequence» (41375693 §2.3) ‖ 1.3 PN: Hb basale FCM «92 (86–98)» vs FDI «91 (87–95)»; unica differenza nel braccio orale, «Given the adequate randomization technique, we attribute this to chance» (EPMC-PPR609550 Table 1 p. 9 e p. 15; 38337452 §4) ‖ «Baseline phosphate levels and proportions of participants with hypophosphatemia at inclusion were similar in the three groups» (41375693 Results par. 2)",2.1 Y; 2.2 Y; 2.3 PN; 2.4 NA; 2.5 NA; 2.6 PN; 2.7 PN,alcune-preoccupazioni,"2.1 Y: «Due to the nature of the interventions, blinding of participants and investigators was not feasible» (41375693 §2.3) ‖ 2.2 Y: stessa frase; «IV medications were prepared and administered exclusively by nursing staff not otherwise involved in the study procedures» (41375693 §2.3) ‖ 2.3 PN: l'unica non aderenza riguarda il braccio orale, «one participant allocated to the ferrous sulphate group received intravenous ferric carboxymaltose» (EPMC-PPR609550 Results p. 8); la sospensione FDI «Discontinued intervention (Fishbane reaction) (n=1)» è un evento avverso, non una deviazione dovuta al contesto del trial (EPMC-PPR609550 Figure 1 p. 7) ‖ 2.6 PN: «Participants who required blood transfusion for symptomatic anemia after enrollment, as well as those who did not attend the six-week postpartum follow-up, were excluded from the final dataset» (41375693 §2.6), pur dichiarando «intention-to-treat principle»; esclusione per trasfusione post-randomizzazione solo nel braccio FDI, «Excluded from analysis (received blood transfusion after allocation) (n=3)» (EPMC-PPR609550 Figure 1 p. 7) ‖ 2.7 PN: 3/100 esclusi in un solo braccio (FDI 93 = 100 − 4 persi − 3 trasfuse; FCM 95 = 100 − 5 persi; EPMC-PPR609550 Figure 1 e 41375693 Results par. 3); con 2 vs 3 eventi l'inclusione delle 3 trasfuse cambierebbe la stima solo se tutte fossero ipofosfatemiche, ipotesi senza appoggio nelle fonti",3.1 PN; 3.2 N; 3.3 PY; 3.4 PN,alcune-preoccupazioni,"3.1 PN: «Primary outcome data were unavailable for 18 participants: 16 did not attend the six-week postpartum follow-up visit ... In addition, four participants were excluded from the final analysis for receiving blood transfusions» (41375693 Results par. 1); analizzate 95/100 FCM (95%) e 93/100 FDI (93%) (41375693 Results par. 3, «3.1% (3 out of 95) in the FCM group, vs. 2.2% (2 out of 93) in the FDI group»); esito dicotomico raro (2-3% di eventi): soglia del vault ≥ 95% non raggiunta nel braccio FDI ‖ 3.2 N: nessuna analisi di sensibilità né imputazione descritta (41375693 §2.6) ‖ 3.3 PY: mancanza per mancata visita a 6 settimane e per trasfusione legata al decorso dell'anemia, entrambe potenzialmente legate allo stato clinico (41375693 Results par. 1) ‖ 3.4 PN: l'ipofosfatemia è un reperto di laboratorio asintomatico, non noto alla paziente al momento dell'abbandono; perdite simili fra bracci (FCM 5, FDI 4 + 3 trasfuse; EPMC-PPR609550 Figure 1)",4.1 PN; 4.2 N; 4.3 Y; 4.4 N; 4.5 NA,basso,"4.1 PN: fosfato sierico con soglia definita, «hypophosphatemia, defined as a serum phosphate concentration < 0.83 mmol/L (equivalent to <2.57 mg/dL) six weeks postpartum» (41375693 §2.4) ‖ 4.2 N: «Serum phosphate level was measured at enrollment and 6 weeks postpartum» per tutti i bracci (41375693 Abstract) ‖ 4.3 PY: «blinding of participants and investigators was not feasible» (41375693 §2.3); cecità del laboratorio non descritta ‖ 4.4 N: esito di laboratorio oggettivo (regola del vault, rob2-meta §3 D4); «outcomes were either participants' self-reported fatigue or laboratory values» (38337452 §4)",5.1 PN; 5.2 PN; 5.3 PN,alcune-preoccupazioni,"5.1 PN: il registro (primo invio 2019-05-14, arruolamento dal 2020-09-10, ultimo aggiornamento 2022-06-24) ha come primario «Multidimensional Fatigue Inventory (MFI) score» e nessun esito sul fosfato fra i secondari (NCT03957057 outcomesModule) ‖ «The pre-specified primary outcome was a fatigue score» con numerosità calcolata sul MFI (38337452 §2.3-2.4) ‖ 41375693 dichiara invece «The primary outcome of the study was the proportion of participants with hypophosphatemia» e numerosità «based on previously reported rates of hypophosphatemia» (41375693 §2.4-2.5): prespecificazione affermata solo nell'articolo del 2025, non documentata in fonti precedenti ai risultati e in contrasto con registro e articolo principale ‖ 5.2 PN: una sola misura post-trattamento (6 settimane) e soglia convenzionale citata, «Hypophosphatemia is defined as a serum phosphate level less than 0.83 mmol/L, with values <0.34 mmol/L considered severe [5,18,19,20]» (41375693 §1); riportati il valore a 6 settimane, la proporzione e la forma grave elencati in §2.4 ‖ 5.3 PN: unica analisi dichiarata, «the Chi-squared test for comparison of proportions» (41375693 Abstract; §2.6)",alcune-preoccupazioni,consenso,"Risultato valutato: 41375693, finestra primaria (giorno 42), soglia vera <0.83 mmol/L, 3/95 FCM e 2/93 FDI (ma-bracci.csv). Complessivo non portato ad alto nonostante tre domini con alcune-preoccupazioni: D2 e D3 derivano in parte dalle stesse 3 esclusioni per trasfusione nel braccio FDI (conteggiate in 2.6 perché escluse pur non essendo dati mancanti, e nel 93% di 3.1), e la preoccupazione di D5 riguarda l'esito non registrato con risultato nullo e tutte le misure prespecificate nell'articolo riportate. Non trattato come bias ma da segnalare a GRADE (indirectness): fosfato misurato solo a 6 settimane, «We only measured phosphate levels six weeks after treatments» (41375693 Discussion par. 5), quindi il dato somiglia più a un'ipofosfatemia persistente all'ultima visita che all'incidenza in qualsiasi misurazione della finestra; soglia 0.83 mmol/L diversa da 0.80 del codebook. Variazione del fosfato dal basale (secondario prespecificato, §2.4) e Table 2 non leggibili nel fulltext convertito. ‖ Consenso 2026-09-29 (utente): base passaggio A (D3 AP: motivi delle 16 visite mancate non riportati); 4.3 Y (open-label dichiarato). Complessivo lasciato AP con tre domini AP: D2 e D3 contano le stesse 3 trasfuse. Per GRADE: fosfato misurato solo a 6 settimane (indirectness)."
NCT03957057,S6,assegnazione,1.1 Y; 1.2 Y; 1.3 PN,basso,"1.1 Y: «sequentially numbered (according to a computer-generated random allocation sequence), opaque, sealed envelopes» (38337452 §2.2; EPMC-PPR609550 Methods p. 4) ‖ 1.2 Y: stessa frase (38337452 §2.2) ‖ 1.3 PN: Hb basale FCM «92 (86–98)» vs FDI «91 (87–95)»; unica differenza nel braccio orale, «Given the adequate randomization technique, we attribute this to chance» (EPMC-PPR609550 Table 1 p. 9 e p. 15; 38337452 §4)",2.1 Y; 2.2 Y; 2.3 PN; 2.4 NA; 2.5 NA; 2.6 PY; 2.7 NA,basso,"2.1 Y: «the study was not blinded» e «investigators were aware of group allocation» (38337452 §4); masking «NONE» (NCT03957057 designModule) ‖ 2.2 Y: «Intravenous medications were prepared and administered by nurses not involved in the study» (38337452 §2.2), farmaci con dosi massime diverse, quindi riconoscibili ‖ 2.3 PN: l'unica non aderenza riguarda il braccio orale, «one participant allocated to the ferrous sulphate group received intravenous ferric carboxymaltose» (EPMC-PPR609550 Results p. 8) ‖ 2.6 PY: in entrambi i bracci EV «Received allocated intervention (n=100)» (EPMC-PPR609550 Figure 1 p. 7) e l'assenza di eventi è riferita a tutte, «in any of the participants» (38337452 Results ultimo par.): denominatore = randomizzati",3.1 PY; 3.2 NA; 3.3 NA; 3.4 NA,basso,"3.1 PY: eventi rilevati durante o subito dopo l'infusione, «while receiving intravenous ferric carboxymaltose» e «within minutes of stopping the application» (38337452 Results ultimo par.), su 100/100 infuse per braccio (EPMC-PPR609550 Figure 1); il registro prevede di «record adverse events in all patients before and after administration of IV iron» (NCT03957057 detailedDescription)",4.1 PN; 4.2 PN; 4.3 Y; 4.4 PY; 4.5 PN,alcune-preoccupazioni,"4.1 PN: sorveglianza all'infusione prevista dal registro, «monitor blood pressure and record adverse events in all patients before and after administration of IV iron» (NCT03957057 detailedDescription); definizione della fonte «severe anaphylaxis with hemodynamic compromise or angioedema», senza criteri NIAID/FAAN, WAO o Ring & Messmer (38337452 Results ultimo par.) ‖ 4.2 PN: stessa procedura nei due bracci EV, «Both IV formulations were diluted in 250 mL of isotonic saline and infused over approximately 15–30 min» (41375693 §2.3) ‖ 4.3 Y: «investigators were aware of group allocation» (38337452 §4) ‖ 4.4 PY: esito giudicato dal clinico in trial open-label, nessuna aggiudicazione in cieco documentata (regola del vault) ‖ 4.5 PN: evento grave con compromissione emodinamica o angioedema, poco soggetto a interpretazione; infusioni gestite da «nurses not involved in the study» (38337452 §2.2)",5.1 PN; 5.2 PN; 5.3 PN,alcune-preoccupazioni,"5.1 PN: il registro prespecifica «Side effects - proportion of participants reporting side effects of treatments» (NCT03957057 secondaryOutcomes), riportato come proporzione solo per il braccio orale, «Forty (48%) women randomized to receive oral ferrous sulphate reported adverse effects», e in forma narrativa per i bracci EV (38337452 Results); nessuna definizione né analisi prespecificata dell'ipersensibilità, «We also assessed the adverse effects of study medications» (38337452 §2.3) ‖ 5.2 PN: il paragrafo elenca per braccio tutti gli eventi legati all'infusione, compreso uno non di ipersensibilità, «skin hyperpigmentation at the site of infusion due to medication extravasation» (38337452 Results ultimo par.) ‖ 5.3 PN: solo conteggi descrittivi, nessun test sugli eventi avversi (38337452 Results)",alcune-preoccupazioni,consenso,"Risultato valutato: 38337452, finestra primaria (follow-up 6 settimane, regola 8), 0/100 FCM e 0/100 FDI (ma-bracci.csv). Zero eventi in entrambi i bracci: con ogni probabilità S6 non aggregabile (protocollo §6.3). La definizione della fonte (anafilassi grave con compromissione emodinamica o angioedema) è più stretta di S6 del codebook: questione di applicabilità, non di bias. Complessivo alcune-preoccupazioni (D4, D5), non portato ad alto: due preoccupazioni di peso limitato su un esito a zero eventi. ‖ Consenso 2026-09-29 (utente): base passaggio A (D5 AP: proporzione di effetti collaterali registrata ma riportata solo per il braccio orale)."
NCT03957057,S7,assegnazione,1.1 Y; 1.2 Y; 1.3 PN,basso,"1.1 Y: «sequentially numbered (according to a computer-generated random allocation sequence), opaque, sealed envelopes» (38337452 §2.2; EPMC-PPR609550 Methods p. 4) ‖ 1.2 Y: stessa frase (38337452 §2.2) ‖ 1.3 PN: Hb basale FCM «92 (86–98)» vs FDI «91 (87–95)»; unica differenza nel braccio orale, «Given the adequate randomization technique, we attribute this to chance» (EPMC-PPR609550 Table 1 p. 9 e p. 15; 38337452 §4)",2.1 Y; 2.2 Y; 2.3 PN; 2.4 NA; 2.5 NA; 2.6 PY; 2.7 NA,basso,"2.1 Y: «the study was not blinded» e «investigators were aware of group allocation» (38337452 §4); masking «NONE» (NCT03957057 designModule) ‖ 2.2 Y: «Intravenous medications were prepared and administered by nurses not involved in the study» (38337452 §2.2), farmaci con dosi massime diverse, quindi riconoscibili ‖ 2.3 PN: l'unica non aderenza riguarda il braccio orale, «one participant allocated to the ferrous sulphate group received intravenous ferric carboxymaltose» (EPMC-PPR609550 Results p. 8); l'interruzione FDI per reazione di Fishbane è l'esito stesso, non una deviazione dovuta al contesto del trial ‖ 2.6 PY: in entrambi i bracci EV «Received allocated intervention (n=100)» (EPMC-PPR609550 Figure 1 p. 7); eventi riportati per braccio su tutte le infuse (38337452 Results ultimo par.): denominatore = randomizzati",3.1 PY; 3.2 NA; 3.3 NA; 3.4 NA,basso,"3.1 PY: eventi rilevati durante o subito dopo l'infusione, «while receiving intravenous ferric carboxymaltose» e «within minutes of stopping the application» (38337452 Results ultimo par.), su 100/100 infuse per braccio (EPMC-PPR609550 Figure 1); il registro prevede di «record adverse events in all patients before and after administration of IV iron» (NCT03957057 detailedDescription)",4.1 PN; 4.2 PN; 4.3 Y; 4.4 PY; 4.5 PN,alcune-preoccupazioni,"4.1 PN: sorveglianza all'infusione prevista dal registro, «monitor blood pressure and record adverse events in all patients before and after administration of IV iron» e «ask all patients to report any untoward medical event at its onset» (NCT03957057 detailedDescription); nessuna definizione operativa di ipersensibilità nell'articolo ‖ 4.2 PN: stessa procedura nei due bracci EV, «Both IV formulations were diluted in 250 mL of isotonic saline and infused over approximately 15–30 min» (41375693 §2.3); più occasioni di osservazione nel braccio FCM per le seconde dosi, «74.7% (71 out of 95) participants received two doses of FCM» vs «6.4% (6 out of 93)» FDI (41375693 Results par. 2), proprietà del regime e non della misurazione ‖ 4.3 Y: «investigators were aware of group allocation» (38337452 §4) ‖ 4.4 PY: esito giudicato dal clinico in trial open-label, nessuna aggiudicazione in cieco documentata (regola del vault); classificazioni diverse per braccio, «Urticarial rash or general pruritus without rash» (FCM) vs «Fishbane reaction» (FDI) (38337452 Results ultimo par.) ‖ 4.5 PN: eventi osservati durante l'infusione da «nurses not involved in the study» (38337452 §2.2), descritti per segno clinico; nessuna ipotesi degli autori su differenze di ipersensibilità fra FDI e FCM",5.1 PN; 5.2 PN; 5.3 PN,alcune-preoccupazioni,"5.1 PN: il registro prespecifica «Side effects - proportion of participants reporting side effects of treatments» (NCT03957057 secondaryOutcomes), riportato come proporzione solo per il braccio orale, «Forty (48%) women randomized to receive oral ferrous sulphate reported adverse effects», e in forma narrativa per i bracci EV (38337452 Results); nessuna definizione né analisi prespecificata dell'ipersensibilità, «We also assessed the adverse effects of study medications» (38337452 §2.3) ‖ 5.2 PN: il paragrafo elenca per braccio tutti gli eventi legati all'infusione, compreso uno non di ipersensibilità, «skin hyperpigmentation at the site of infusion due to medication extravasation» (38337452 Results ultimo par.) ‖ 5.3 PN: solo conteggi descrittivi, nessun test sugli eventi avversi (38337452 Results)",alcune-preoccupazioni,consenso,"Risultato valutato: 38337452, finestra primaria (follow-up 6 settimane, regola 8), 4/100 FCM (orticaria/prurito) e 1/100 FDI (reazione di Fishbane) (ma-bracci.csv). Gli zeri per i termini dell'altro braccio non sono dichiarati; il paragrafo è trattato come elenco completo degli eventi da infusione per decisione dell'utente (ma-bracci.csv, note). Complessivo alcune-preoccupazioni (D4, D5), non portato ad alto: nessuno dei due domini mostra un meccanismo di distorsione concreto. 4.5 è il punto più fragile: con risposta NI il dominio D4 e il complessivo diventerebbero alto. ‖ Consenso 2026-09-29 (utente): base passaggio A (D5 AP: proporzione di effetti collaterali registrata ma riportata solo per il braccio orale)."
CTRI/2020/09/027730,S6,assegnazione,1.1 Y; 1.2 Y; 1.3 PN,basso,"1.1: «Randomization sequence was generated using a random permuted block design algorithm» (Methods, Randomization and masking, p. 120.e3, 39909327) ‖ 1.1: «computer-generated algorithm based upon a randomly permuted block design with randomly varied block sizes» (Sequence generation {16a}, 34556166) ‖ 1.2: «Sequentially numbered sealed opaque envelopes containing the allocation and iron tablets/IV iron vials were prepared for each site» (p. 120.e3, 39909327) ‖ 1.2: «Randomization assignments will be placed in sequentially numbered opaque envelopes by a designated pharmacist» (Concealment mechanism {16b}, 34556166) ‖ 1.3: Table 1 p. 120.e6 (39909327), FDI vs FCM: Hb basale «1456; 9.0 (0.8)» vs «1462; 9.0 (0.8)»; ferritina media geometrica 9.44 vs 9.49; BMI 20.0 vs 20.2; peso <50 kg 70.5% vs 66.8%; siti quasi identici; nessuno squilibrio rilevante",2.1 N; 2.2 PN; 2.3 NA; 2.4 NA; 2.5 NA; 2.6 PN; 2.7 PN,alcune-preoccupazioni,"2.1: «Both treating clinicians and participants knew whether the participant was randomized to oral or one of the 2 IV groups, but were masked to which IV treatment participants received, with only the designated pharmacist unmasked to IV treatment» (Randomization and masking, p. 120.e3, 39909327) ‖ 2.2: «neither the point of care provider nor the infusion team will know which IV iron formulation was assigned. However, each pharmacist responsible for preparing the IV Iron infusions for the trial will not be blinded» (Who will be blinded {17a}, 34556166) ‖ 2.6: «For all safety analyses, participants were included in the analysis based on treatment received, not by randomization arm» (Statistical plan, p. 120.e5, 39909327) ‖ 2.6: safety cohort = «randomized and received ... at least some portion of the 1-time, recommended dosage of the assigned IV iron formulation» (p. 120.e5, 39909327) ‖ 2.7: safety cohort N=1454 FDI e N=1451 FCM (Table 3, p. 120.e14) contro 1456 e 1462 randomizzati (Figure 1, p. 120.e5, 39909327): esclusi 2 e 11 non infusi (0.1% e 0.8%), che non possono avere un SAE da infusione; crossover FDI/FCM non riportati",3.1 Y; 3.2 NA; 3.3 NA; 3.4 NA,basso,"3.1: denominatori Table 3 p. 120.e14 (39909327) «N¼1454» FDI e «N¼1451» FCM contro 1456 e 1462 randomizzati (Figure 1, p. 120.e5): 99.9% e 99.2%, sopra la soglia del vault del 95% per esiti dicotomici rari; i mancanti sono i non infusi",4.1 PN; 4.2 PN; 4.3 PN; 4.4 NA; 4.5 NA,basso,"4.1: criteri SAE prespecificati («results in a maternal or neonatal death ... is life-threatening ... requires an unanticipated hospitalization», Adverse event reporting {22}, 34556166) e relazione col farmaco solo dopo aggiudicazione («documented as an SAE that is related to the use of the study drug only when confirmed by adjudication», {22}, 34556166) ‖ 4.1: «Two independent physicians, not otherwise participating in the study, adjudicated the relationship and severity of all reported SAEs» (Outcomes, p. 120.e4, 39909327) ‖ 4.2: stessa procedura nei due bracci EV: «administered at CHCs by trained nursing staff under medical supervision» (Study arms, p. 120.e3, 39909327); stessi criteri SAE e stessi aggiudicatori ‖ 4.3: «Outcome evaluators were masked to all 3 treatment arms» (p. 120.e3, 39909327) ‖ 4.3: «all other clinical staff blinded as to which of the two IV formulations is being used» ({17a}, 34556166); mascheramento degli aggiudicatori non dichiarato espressamente",5.1 PY; 5.2 PN; 5.3 PN,basso,"5.1: protocollo pubblicato v1.2 dell'8 marzo 2021 («Protocol version {3} | Version 1.2, March 8, 2021», 34556166), prima del primo arruolamento (15 marzo 2021, p. 120.e18, 39909327): «Study drug reactions will be reported as an SAE if they meet an SAE criterion ... related to the use of the study drug only when confirmed by adjudication» ({22}, 34556166) ‖ 5.1: «point and 97.5% confidence interval estimates of the risk of mortality and incidence of at least one SAE will be developed for each of the three treatment arms» (Interim analyses {21b}, 34556166) ‖ 5.2: una sola misura, «Infusion-related SAE | 0/1454 ... | 1/1451» (Table 3, p. 120.e14, 39909327); nel testo l'unica anafilassi è coerente col totale («Only 1 case of anaphylaxis was related to IV intervention», p. 120.e13) ‖ 5.3: solo proporzioni grezze con IC nella safety cohort; «There was no statistical plan for comparison of these outcomes between IV iron arms» (p. 120.e13, 39909327)",alcune-preoccupazioni,consenso,"Trial a 3 bracci (orale, FDI, FCM): valutato solo il confronto FDI vs FCM; il braccio orale non entra. Il cieco fra i due bracci EV rende il confronto FDI vs FCM di fatto in doppio cieco (farmacista escluso), benché ClinicalTrials.gov riporti «masking: NONE» (NCT05358509, designModule). D2 alcune-preoccupazioni solo per l'analisi per trattamento ricevuto (2.6 PN), con impatto trascurabile (2.7 PN): se si considera la safety cohort un mITT accettabile (2.6 PY), D2 e il complessivo diventano basso. Applicabilità, non bias: «Infusion-related SAE» non usa criteri NIAID/WAO/Ring-Messmer e il braccio dell'anafilassi non è dichiarato nel testo; eventi 0 vs 1. Registro principale CTRI non nel vault; NCT05358509 registrato nel 2022 a trial in corso. ‖ Consenso 2026-09-29 (utente): base passaggio B; D3 completato con NA. Per GRADE/analisi: S6 con 0 eventi nel braccio FDI; l'unica anafilassi del testo non è attribuita a un braccio; CT.gov riporta «masking: NONE»."
CTRI/2020/09/027730,S7,assegnazione,1.1 Y; 1.2 Y; 1.3 PN,basso,"1.1: «Randomization sequence was generated using a random permuted block design algorithm» (Methods, Randomization and masking, p. 120.e3, 39909327) ‖ 1.1: «computer-generated algorithm based upon a randomly permuted block design with randomly varied block sizes» (Sequence generation {16a}, 34556166) ‖ 1.2: «Sequentially numbered sealed opaque envelopes containing the allocation and iron tablets/IV iron vials were prepared for each site» (p. 120.e3, 39909327) ‖ 1.2: «Randomization assignments will be placed in sequentially numbered opaque envelopes by a designated pharmacist» (Concealment mechanism {16b}, 34556166) ‖ 1.3: Table 1 p. 120.e6 (39909327), FDI vs FCM: Hb basale «1456; 9.0 (0.8)» vs «1462; 9.0 (0.8)»; ferritina media geometrica 9.44 vs 9.49; BMI 20.0 vs 20.2; peso <50 kg 70.5% vs 66.8%; siti quasi identici; nessuno squilibrio rilevante",2.1 N; 2.2 PN; 2.3 NA; 2.4 NA; 2.5 NA; 2.6 PN; 2.7 PN,alcune-preoccupazioni,"2.1: «Both treating clinicians and participants knew whether the participant was randomized to oral or one of the 2 IV groups, but were masked to which IV treatment participants received, with only the designated pharmacist unmasked to IV treatment» (Randomization and masking, p. 120.e3, 39909327) ‖ 2.2: «neither the point of care provider nor the infusion team will know which IV iron formulation was assigned. However, each pharmacist responsible for preparing the IV Iron infusions for the trial will not be blinded» (Who will be blinded {17a}, 34556166) ‖ 2.6: «For all safety analyses, participants were included in the analysis based on treatment received, not by randomization arm» (Statistical plan, p. 120.e5, 39909327) ‖ 2.6: safety cohort = «randomized and received ... at least some portion of the 1-time, recommended dosage of the assigned IV iron formulation» (p. 120.e5, 39909327) ‖ 2.7: safety cohort N=1454 FDI e N=1451 FCM (Table 3, p. 120.e14) contro 1456 e 1462 randomizzati (Figure 1, p. 120.e5, 39909327): esclusi 2 e 11 non infusi (0.1% e 0.8%), che non possono avere una reazione infusionale; con 340/1454 vs 70/1451 la loro inclusione come non-eventi non cambia la stima; crossover FDI/FCM non riportati",3.1 Y; 3.2 NA; 3.3 NA; 3.4 NA,basso,"3.1: denominatori Table 3 p. 120.e14 (39909327) «340/1454» FDI e «70/1451» FCM contro 1456 e 1462 randomizzati (Figure 1, p. 120.e5): 99.9% e 99.2%, sopra la soglia del vault (≥ 90% per esiti non rari; anche ≥ 95%); i mancanti sono i non infusi",4.1 PN; 4.2 PN; 4.3 PN; 4.4 NA; 4.5 NA,basso,"4.1: esito «Infusion-related reaction probably/highly probably related to intervention» con nota «Unadjudicated nonsevere adverse events. Only SAEs were adjudicated externally.» (Table 3 e nota a, p. 120.e14, 39909327): definizione clinica non standardizzata ma coerente con S7 («come classificata dalla fonte») ‖ 4.2: stessa procedura nei due bracci EV: «administered at CHCs by trained nursing staff under medical supervision» (Study arms, p. 120.e3, 39909327) ‖ 4.2: «recommended observational period subsequent to infusion completion (at least 30 minutes) ... accurately record infusion-related data» (detailedDescription, NCT05358509) ‖ 4.3: «Outcome evaluators were masked to all 3 treatment arms» (p. 120.e3, 39909327) ‖ 4.3: «The IV medication will ONLY be known to the pharmacist, with all other clinical staff blinded as to which of the two IV formulations is being used» ({17a}, 34556166)",5.1 NI; 5.2 PN; 5.3 PN,alcune-preoccupazioni,"5.1 (NI, contesto): le reazioni infusionali non sono fra gli esiti del registro (NCT05358509, outcomesModule, primary e secondary) né fra i secondari del protocollo (Outcomes {12}, 34556166), che prevede solo la segnalazione degli AE che richiedono trattamento («Any AE that occurs during the course of the trial and requires treatment should be reported», {22}, 34556166); l'articolo le elenca fra le valutazioni di sicurezza («Safety assessments included rates of maternal hypophosphatemia ... adverse reaction to iron infusion», Outcomes, p. 120.e4, 39909327) e rinvia a protocollo completo e SAP (Appendix 1), non presenti nel vault ‖ 5.2: Table 3 p. 120.e14 (39909327) riporta per entrambi i bracci tutte e quattro le varianti (qualsiasi reazione probabilmente correlata; moderata o severa; che ha richiesto farmaci; che ha richiesto l'interruzione), senza selezione apparente; la variante usata è la più ampia, scelta dai meta-analisti ‖ 5.3: solo proporzioni grezze con IC nella safety cohort; «There was no statistical plan for comparison of these outcomes between IV iron arms» (p. 120.e13, 39909327)",alcune-preoccupazioni,consenso,"Trial a 3 bracci (orale, FDI, FCM): valutato solo il confronto FDI vs FCM. Risultato valutato: 340/1454 vs 70/1451 (riga usata in ma-bracci.csv); le tre righe S7 di sensibilità non sono usate. D2 alcune-preoccupazioni solo per l'analisi per trattamento ricevuto (2.6 PN) con impatto trascurabile (2.7 PN); con 2.6 PY D2 sarebbe basso. D5 alcune-preoccupazioni per 5.1 NI: esito non registrato né nei secondari del protocollo pubblicato, SAP non disponibile; il rischio concreto di selezione è basso perché tutte le varianti sono pubblicate per entrambi i bracci e il trial non prevedeva il confronto fra bracci EV. Complessivo non portato ad alto: le due preoccupazioni sono di entità minima. Masking fra bracci EV dichiarato ma non verificato (nessun dato sull'integrità del cieco); ClinicalTrials.gov riporta «masking: NONE» (NCT05358509). Registro principale CTRI non nel vault. ‖ Consenso 2026-09-29 (utente): base passaggio B; D3 completato con NA. Per GRADE/analisi: S6 con 0 eventi nel braccio FDI; l'unica anafilassi del testo non è attribuita a un braccio; CT.gov riporta «masking: NONE»."
TRIAL-DOI-10.18203_2320-1770.ijrcog20250512,S6,assegnazione,1.1 NI; 1.2 NI; 1.3 PN,alcune-preoccupazioni,"1.1 NI: studio dichiarato randomizzato ma senza metodo di generazione della sequenza: «This was a cross sectional, randomized comparative study» (Methods p. 826, DOI-10.18203_2320-1770.ijrcog20250512); «were assigned to 3 groups ... 29 women in each group with a ratio of 1:1:1» (Methods p. 826) ‖ 1.2 NI: occultamento dell'allocazione non descritto (Methods p. 826) ‖ 1.3 PN: basale riportato solo per età, Hb e ferritina, bilanciati fra IIM e FCM: età «Isomaltoside 29 36.72 3.963 ... FCM 29 34.66 4.228 ... (NS)» (Table 1 p. 827); Hb day 1 «8.58» IIM vs «8.47» FCM (Table 4 p. 827); ferritina day 1 «62.28» vs «56.17» (Figure 3 p. 828), DOI-10.18203_2320-1770.ijrcog20250512",2.1 PY; 2.2 PY; 2.3 NI; 2.4 NA; 2.5 NA; 2.6 PY; 2.7 NA,alcune-preoccupazioni,"2.1 PY: cecità non descritta; schemi di somministrazione diversi fra bracci: FCM «Subsequent doses (if needed) were planned on day 7 and day 14», IIM dose unica fino a 1500 mg in 15-45 min (Methods p. 826, DOI-10.18203_2320-1770.ijrcog20250512) ‖ 2.2 PY: chi infondeva preparava farmaci diversi con diluizioni e tempi diversi: «Patients in the FCM group were administered required dose by diluting in 100 ml 0.9% NS over 15 minutes ... Patients in the IIM group received the calculated dose diluted in sterile 0.9% NS» (Methods p. 826) ‖ 2.3 NI: nessuna informazione su deviazioni, dosi effettivamente somministrate o dosi successive FCM ‖ 2.6 PY: bracci IIM e FCM analizzati per intero come randomizzati: «Total 29 100.0 29 100.0» per Isomaltoside e FCM (Table 5 p. 828); «29 women in each group» (Methods p. 826)",3.1 PY; 3.2 NA; 3.3 NA; 3.4 NA,basso,"3.1 PY: 29/29 per braccio IIM e FCM nella tabella degli eventi avversi: «Isomaltoside 3 10.3 ... FCM 3 10.3 ... Total 29 100.0 29 100.0» (Table 5 p. 828, DOI-10.18203_2320-1770.ijrcog20250512); lo zero di S6 è riferito all'intero studio: «Notably, no serious hypersensitivity reactions were observed in this study» (Discussion, Adverse reactions p. 829). La discrepanza Total 86 vs 87 riguarda il braccio IS (6/28 = 21.4%), non i bracci confrontati",4.1 NI; 4.2 PN; 4.3 PY; 4.4 PY; 4.5 PN,alcune-preoccupazioni,"4.1 NI: esito non definito né aggiudicato, monitoraggio clinico durante la terapia: «Patients was monitored closely for any minor and major adverse changes during the therapy» (Methods p. 826, DOI-10.18203_2320-1770.ijrcog20250512); «serious hypersensitivity reactions» senza criteri (Discussion p. 829) ‖ 4.2 PN: stesso monitoraggio descritto per tutti i gruppi (Methods p. 826) ‖ 4.3 PY: cecità non riportata; il clinico che osserva l'infusione conosce il farmaco preparato (Methods p. 826) ‖ 4.4 PY: regola del vault, S6 giudicato dal clinico senza aggiudicazione in cieco documentata ‖ 4.5 PN: le aspettative dichiarate degli autori non distinguono FDI da FCM: FCM «not predisposed to anaphylactic reaction» e IIM «less immunological toxicity» (Introduction p. 825-826); zero eventi in entrambi i bracci",5.1 NI; 5.2 PN; 5.3 PN,alcune-preoccupazioni,"5.1 NI: nessun registro, protocollo o piano di analisi citati; nessun endpoint di sicurezza prespecificato nei Methods (Methods p. 826; Statistical analysis p. 826-827, DOI-10.18203_2320-1770.ijrcog20250512) ‖ 5.2 PN: un'unica misura riportata, la frase di studio «Notably, no serious hypersensitivity reactions were observed in this study» (Discussion p. 829), con zero eventi in entrambi i bracci ‖ 5.3 PN: conteggio grezzo senza analisi alternative (Table 5 p. 828; Discussion p. 829)",alto,consenso,"Complessivo alto per quattro domini con alcune-preoccupazioni che riducono sostanzialmente la fiducia: randomizzazione e occultamento non descritti e disegno definito ora «prospective, randomized» (Abstract p. 825) ora «cross sectional, randomized» (Methods p. 826); incoerenze interne (età media totale 34.15 inferiore a tutte le medie per braccio, Table 1; Total 86 vs 87 randomizzati, Table 5; «p=8.18» nell'Abstract); S6 non definito, non aggiudicato, ricavato da una frase generica della Discussion e non da una tabella per braccio; nessun registro né protocollo. Risultato valutato: 0/29 IIM vs 0/29 FCM, finestra primaria 0-28 (regola 8), denominatore randomizzati (ma-bracci.csv righe S6). Rilevante anche la nota di estrazione: S6 limitato alle reazioni serie (analisi di sensibilità che esclude il trial). ‖ Consenso 2026-09-29 (utente): base passaggio B (4.1 NI, 5.1 NI); complessivo alto per cumulo di quattro domini AP e incoerenze interne (guida v1.2)."
CTRI/2023/1/048725,S6,assegnazione,1.1 Y; 1.2 NI; 1.3 PY,alto,"1.1: «299 eligible patients were randomly assigned in a 1:1 ratio to two groups using computer-generated randomization tables» (Methods, Trial groups and randomization, p. 315, 42111869) ‖ 1.2: nessuna descrizione dell'occultamento dell'allocazione (Methods p. 315-316, 42111869) ‖ 1.3: abstract dell'analisi ad interim: «1:1 randomisation» ma «at 4 weeks of randomization, 77 and 40 were allocated to ARMs A and B respectively» (Methods e Results, DOI-10.1097_01.hs9.0000972860.64685.8e) ‖ 1.3: Table 1 (p. 316, 42111869), n-140 per braccio: «Pregnant/All females (n)» FCM 39/119, i3R 49/134 (donne 85% vs 96%); «Age (years)» FCM 43.57 ± 16.14, i3R 38.27 ± 12.38, p 0.06 ‖ 1.3: basali riportati solo sui completatori e incoerenti fra tabelle: Hb basale FCM 8.63/i3R 8.44 in Table 1 (p. 316) contro i3R 8.63/FCM 8.44 in Table 2 (p. 317, 42111869)",2.1 N; 2.2 Y; 2.3 PN; 2.4 NA; 2.5 NA; 2.6 PY; 2.7 NA,basso,"2.1: «The patients were blinded to the interventional arm» (Trial design, p. 315, 42111869) ‖ 2.2: «It was single-blinded, meaning the researchers knew about the drug being used» (Strengths and limitations, p. 322, 42111869) ‖ 2.3: infusione singola, «No premedication was allowed before drug administration» (p. 316) e «There was no discontinuation or withdrawal of therapy owing to minor or major adverse reactions» (Results, p. 318, 42111869) ‖ 2.6: analisi per braccio assegnato, esclusi solo i persi al follow-up (trattati in D3): «after excluding patients lost to follow-up, 280 patients (140 in each group) were finally analyzed» (p. 315, 42111869)",3.1 PN; 3.2 PN; 3.3 PY; 3.4 PN,alcune-preoccupazioni,"3.1: Fig. 1 (Consort diagram, p. 316, 42111869): i3R «(n= 148)», persi «4 weeks : 04 / 12 weeks : 03 / 24 weeks : 01», «Analysed (n=140)» (94,6%); FCM «(n= 151)», persi 7/3/1, «Analysed (n=140)» (92,7%); complessivo 280/299 = 93,6%, sotto il 95% richiesto per esito dicotomico raro ‖ 3.1: la Table 3 (p. 318) somma 142 (FCM) e 138 (i3R) nella colonna N, incoerente con 140/140 ‖ 3.2: nessuna analisi di sensibilità né motivo delle perdite: «The statistical analysis was done using JMP version 17.2.0» senza trattamento dei dati mancanti (Statistical analyses, p. 318, 42111869) ‖ 3.3: finestra fino a 24 settimane; un evento serio (ricovero) può plausibilmente associarsi alla perdita al follow-up ‖ 3.4: perdite piccole e simili fra bracci (8 vs 11) e reazione d'ipersensibilità attesa al momento dell'infusione singola al centro: «a single IV infusion of 1000 mg i3R ... was administered over 20 min» (p. 315, 42111869)",4.1 NI; 4.2 PN; 4.3 PY; 4.4 PY; 4.5 PN,alcune-preoccupazioni,"4.1: nessuna definizione di SAE né criteri per l'ipersensibilità (NIAID/FAAN, Ring & Messmer); «The adverse events were recorded using a patient-reported visual analog scale (VAS)» (Results, p. 318, 42111869) ‖ 4.2: stesso schema nei due bracci: «collected at specified follow-up intervals: 4 weeks, 12 weeks, and 24 weeks post-infusion» (Data collection, p. 316, 42111869) ‖ 4.3: «the researchers knew about the drug being used» (p. 322, 42111869); la frase «The AEs were adjudicated in a blinded fashion by an independent committee» (p. 318) segue l'elenco del composito cardiovascolare, i cui risultati non sono riportati, e non è riferita al risultato usato («No serious adverse events (SAE) were noted in either group», p. 318) ‖ 4.4: regola del vault, esito di sicurezza giudicato dal clinico con investigatori non in cieco e aggiudicazione in cieco non documentata per questo risultato ‖ 4.5: il risultato è l'assenza di qualsiasi SAE in entrambi i bracci; nessun indizio di valutazione differenziale: la Table 3 (p. 318, 42111869) riporta rash di grado 4-5 in entrambi i bracci (FCM 2 e 1, i3R 1 e 1)",5.1 NI; 5.2 NI; 5.3 PN,alcune-preoccupazioni,"5.1: registro citato («registered under the Clinical Trials Registry India (CTRI) vide CTRI/2023/1/048725», p. 315, 42111869) ma scheda non disponibile nel vault; nessun protocollo né SAP pubblicati ‖ 5.2: endpoint prespecificato «The co-primary safety endpoint was a serious or severe hypersensitivity reaction starting on or after the first dose of randomized treatment» (Outcome measure, p. 316, 42111869) riportato solo come «No serious adverse events (SAE) were noted in either group (Table 3)» (Results, p. 318): la componente «severe» manca senza giustificazione, e la Table 3, intitolata «The serious adverse events in both the study arms», elenca rash e prurito di grado 3-5 non classificati come ipersensibilità; l'abstract ad interim dichiara invece «adverse event were recorded using Likert scale» (DOI-10.1097_01.hs9.0000972860.64685.8e); non si può stabilire se la scelta dipenda dai risultati ‖ 5.3: un solo risultato descrittivo, nessuna analisi comparativa degli eventi avversi (Statistical analyses, p. 318, 42111869)",alto,consenso,"Risultato valutato: 0/140 vs 0/140, finestra estesa 0-168 giorni, n_analizzati da Fig. 1 (ma-bracci.csv); S6 limitato alle reazioni serie. Complessivo alto per D1 (1.2 NI con 1.3 PY). Anche senza D1 lo porterei ad alto: D3, D4 e D5 hanno alcune-preoccupazioni e la pubblicazione ha incoerenze interne che riducono la fiducia nel dato di sicurezza (Results «280 patients ... were randomized» contro Fig. 1 «Randomized 1:1 (n= 299)»; Table 1 e Table 2 invertono i basali di Hb e ferritina; Table 3 somma 142/138 invece di 140/140 ed è intitolata «serious adverse events» mentre il testo dichiara zero SAE; l'abstract EHA riporta sede, visite e scala diverse). ‖ Consenso 2026-09-29 (utente): base passaggio A (1.3 PY: interim EHA 77 vs 40 allocati con randomizzazione 1:1; D1 alto); 3.1 PN (93.6% ricavato, non dichiarato); complessivo alto anche senza D1 (guida v1.2)."
CTRI/2023/1/048725,S8b,assegnazione,1.1 Y; 1.2 NI; 1.3 PY,alto,"1.1: «299 eligible patients were randomly assigned in a 1:1 ratio to two groups using computer-generated randomization tables» (Methods, Trial groups and randomization, p. 315, 42111869) ‖ 1.2: nessuna descrizione dell'occultamento dell'allocazione (Methods p. 315-316, 42111869) ‖ 1.3: abstract dell'analisi ad interim: «1:1 randomisation» ma «at 4 weeks of randomization, 77 and 40 were allocated to ARMs A and B respectively» (Methods e Results, DOI-10.1097_01.hs9.0000972860.64685.8e) ‖ 1.3: Table 1 (p. 316, 42111869), n-140 per braccio: «Pregnant/All females (n)» FCM 39/119, i3R 49/134 (donne 85% vs 96%); «Age (years)» FCM 43.57 ± 16.14, i3R 38.27 ± 12.38, p 0.06 ‖ 1.3: basali riportati solo sui completatori e incoerenti fra tabelle: Hb basale FCM 8.63/i3R 8.44 in Table 1 (p. 316) contro i3R 8.63/FCM 8.44 in Table 2 (p. 317, 42111869)",2.1 N; 2.2 Y; 2.3 PN; 2.4 NA; 2.5 NA; 2.6 PY; 2.7 NA,basso,"2.1: «The patients were blinded to the interventional arm» (Trial design, p. 315, 42111869) ‖ 2.2: «It was single-blinded, meaning the researchers knew about the drug being used» (Strengths and limitations, p. 322, 42111869) ‖ 2.3: infusione singola, «No premedication was allowed before drug administration» (p. 316) e «There was no discontinuation or withdrawal of therapy owing to minor or major adverse reactions» (Results, p. 318, 42111869) ‖ 2.6: analisi per braccio assegnato, esclusi solo i persi al follow-up (trattati in D3): «after excluding patients lost to follow-up, 280 patients (140 in each group) were finally analyzed» (p. 315, 42111869)",3.1 PN; 3.2 PN; 3.3 PY; 3.4 PN,alcune-preoccupazioni,"3.1: Fig. 1 (Consort diagram, p. 316, 42111869): i3R «(n= 148)», persi 4/3/1, «Analysed (n=140)» (94,6%); FCM «(n= 151)», persi 7/3/1, «Analysed (n=140)» (92,7%); complessivo 280/299 = 93,6%, sotto il 95% richiesto per esito dicotomico raro ‖ 3.1: la Table 3 (p. 318) somma 142 (FCM) e 138 (i3R) nella colonna N, incoerente con 140/140 ‖ 3.2: nessuna analisi di sensibilità né motivo delle perdite (Statistical analyses, p. 318, 42111869) ‖ 3.3: un SAE cardiovascolare nelle 24 settimane (morte, ricovero) può plausibilmente causare la perdita al follow-up; il composito prespecificato include «death due to any cause» (p. 316, 42111869) ‖ 3.4: perdite piccole e simili fra bracci (8 vs 11), in una popolazione senza comorbidità maggiori: «We excluded patients with underlying co-morbidities» (Discussion, p. 322, 42111869)",4.1 NI; 4.2 PN; 4.3 PY; 4.4 PY; 4.5 PN,alcune-preoccupazioni,"4.1: nessuna definizione di SAE né elenco per SOC; lo zero cardiovascolare è dedotto da «No serious adverse events (SAE) were noted in either group (Table 3)» (Results, p. 318, 42111869) ‖ 4.2: stesso schema nei due bracci: «collected at specified follow-up intervals: 4 weeks, 12 weeks, and 24 weeks post-infusion» (Data collection, p. 316, 42111869) ‖ 4.3: «the researchers knew about the drug being used» (p. 322, 42111869); «The AEs were adjudicated in a blinded fashion by an independent committee» (p. 318) si riferisce al composito cardiovascolare aggiudicato (S8a), i cui risultati non sono riportati; il risultato usato (S8b, SAE generici) non è attribuito al comitato ‖ 4.4: regola del vault, esito di sicurezza giudicato dal clinico con investigatori non in cieco ‖ 4.5: il risultato è l'assenza di qualsiasi SAE in entrambi i bracci; eventi seri cardiovascolari (morte, ricovero) poco discrezionali; nessun indizio di valutazione differenziale",5.1 NI; 5.2 NI; 5.3 PN,alcune-preoccupazioni,"5.1: registro citato («registered under the Clinical Trials Registry India (CTRI) vide CTRI/2023/1/048725», p. 315, 42111869) ma scheda non disponibile nel vault; nessun protocollo né SAP pubblicati ‖ 5.2: prespecificati «The secondary safety endpoints were composite cardiovascular adverse events (AEs)» con 8 componenti aggiudicate e «Time to first composite cardiovascular safety AE was also recorded» (Outcome measure, p. 316 e p. 318, 42111869): nessun risultato per braccio; resta solo la frase generica «No serious adverse events (SAE) were noted in either group» (p. 318); le componenti non serie del composito (ipertensione, ipotensione, aritmie) non sono riportate; non si può stabilire se l'omissione dipenda dai risultati ‖ 5.3: un solo risultato descrittivo, nessuna analisi comparativa (Statistical analyses, p. 318, 42111869)",alto,consenso,"Risultato valutato: 0/140 vs 0/140, finestra estesa 0-168 giorni, zero dedotto dall'assenza di qualsiasi SAE (ma-bracci.csv), non da un elenco per SOC. Complessivo alto per D1 (1.2 NI con 1.3 PY). Anche senza D1 lo porterei ad alto: D3, D4 e D5 hanno alcune-preoccupazioni, l'esito cardiovascolare prespecificato (S8a) non è riportato e la pubblicazione ha incoerenze interne (Results «280 patients ... were randomized» contro Fig. 1 «Randomized 1:1 (n= 299)»; Table 1 e Table 2 invertono i basali; Table 3 somma 142/138 ed è intitolata «serious adverse events» mentre il testo dichiara zero SAE). ‖ Consenso 2026-09-29 (utente): base passaggio A (1.3 PY: interim EHA 77 vs 40 allocati con randomizzazione 1:1; D1 alto); 3.1 PN (93.6% ricavato, non dichiarato); complessivo alto anche senza D1 (guida v1.2)."
