id,doi,pmcid,titolo,autori,anno,rivista,pubtypes,lingua,corpus,primo_harvest,stato_screening_meta,motivo_screening_meta,stato_eleggibilita_meta,motivo_eleggibilita_meta
10343140,10.1159/000007667,,Sequential treatment of anemia in ulcerative colitis with intravenous iron and erythropoietin.,"Gasche C, et al.",1999,Digestion,"Clinical Trial; Clinical Trial, Phase I; Clinical Trial, Phase II; Comparative Study; Journal Article; Randomized Controlled Trial",eng,meta,2026-09-29T19:20:46+02:00,escluso,"E2-manca-FDI-o-FCM: studio a braccio singolo con iron saccharate, nessun FDI né FCM ‖ B: E2-manca-FDI-o-FCM: studio a braccio unico con iron saccharate seguito da eritropoietina, nessun braccio FDI o FCM",,
11401110,10.1016/s0735-1097(01)01248-7,,"The effect of correction of mild anemia in severe, resistant congestive heart failure using subcutaneous erythropoietin and intravenous iron: a randomized controlled study.","Silverberg DS, et al.",2001,J Am Coll Cardiol,Case Reports; Clinical Trial; Journal Article; Randomized Controlled Trial,eng,meta,2026-09-29T19:20:46+02:00,escluso,"E2-manca-FDI-o-FCM: EPO più ferro EV (non specificato) contro nessun trattamento in scompenso cardiaco, nessun braccio FDI vs FCM ‖ B: E2-manca-FDI-o-FCM: RCT EPO sottocute + ferro EV contro nessun trattamento, nessun confronto FDI vs FCM",,
11904617,10.1067/mob.2002.121894,,Iron therapy in iron deficiency anemia in pregnancy: intravenous route versus oral route.,"Bayoumeu F, et al.",2002,Am J Obstet Gynecol,"Clinical Trial; Comparative Study; Journal Article; Randomized Controlled Trial; Research Support, Non-U.S. Gov't",eng,meta,2026-09-29T19:20:46+02:00,escluso,E2-manca-FDI-o-FCM: iron sucrose EV vs ferro solfato orale in gravidanza ‖ B: E2-manca-FDI-o-FCM: RCT iron sucrose EV vs solfato ferroso orale in gravidanza,,
16165718,10.1080/00365520510023198,,Oral ferrous fumarate or intravenous iron sucrose for patients with inflammatory bowel disease.,"Erichsen K, et al.",2005,Scand J Gastroenterol,"Journal Article; Randomized Controlled Trial; Research Support, Non-U.S. Gov't",eng,meta,2026-09-29T19:20:46+02:00,escluso,E2-manca-FDI-o-FCM: iron sucrose EV vs ferro fumarato orale in IBD ‖ B: E2-manca-FDI-o-FCM: crossover randomizzato ferroso fumarato orale vs iron sucrose in IBD,,
16279906,10.1111/j.1572-0241.2005.00250.x,,"Intravenous iron sucrose versus oral iron supplementation for the treatment of iron deficiency anemia in patients with inflammatory bowel disease--a randomized, controlled, open-label, multicenter study.","Schröder O, et al.",2005,Am J Gastroenterol,"Comparative Study; Journal Article; Multicenter Study; Randomized Controlled Trial; Research Support, Non-U.S. Gov't",eng,meta,2026-09-29T19:20:46+02:00,escluso,E2-manca-FDI-o-FCM: iron sucrose EV vs ferro solfato orale in IBD ‖ B: E2-manca-FDI-o-FCM: RCT iron sucrose EV vs solfato di ferro orale in IBD,,
16316358,10.1111/j.1523-1755.2005.00754.x,,Intravenous iron increases labile serum iron but does not impair forearm blood flow reactivity in dialysis patients.,"Schaller G, et al.",2005,Kidney Int,"Journal Article; Randomized Controlled Trial; Research Support, Non-U.S. Gov't",eng,meta,2026-09-29T19:20:46+02:00,escluso,E2-manca-FDI-o-FCM: iron sucrose 300 mg vs placebo in dialisi ‖ B: E2-manca-FDI-o-FCM: RCT iron sucrose vs placebo in dialisi peritoneale,,
17004982,10.1111/j.1471-0528.2006.01062.x,,Intravenous versus oral iron therapy for postpartum anaemia.,"Bhandal N, Russell R",2006,BJOG,Comparative Study; Journal Article; Randomized Controlled Trial,eng,meta,2026-09-29T19:20:46+02:00,escluso,E2-manca-FDI-o-FCM: iron sucrose EV vs ferro solfato orale nell'anemia post-partum ‖ B: E2-manca-FDI-o-FCM: RCT iron sucrose EV vs solfato ferroso orale nel post-partum,,
17666600,10.1097/01.AOG.0000275286.03283.18,,Intravenous ferric carboxymaltose compared with oral iron in the treatment of postpartum anemia: a randomized controlled trial.,"Van Wyck DB, et al.",2007,Obstet Gynecol,"Clinical Trial, Phase III; Journal Article; Multicenter Study; Randomized Controlled Trial; Research Support, Non-U.S. Gov't",eng,meta,2026-09-29T19:20:46+02:00,escluso,"E2-manca-FDI-o-FCM: FCM vs ferro solfato orale, nessun braccio FDI ‖ B: E2-manca-FDI-o-FCM: RCT FCM vs solfato ferroso orale nel post-partum, nessun braccio FDI",,
17950147,10.1016/j.jacc.2007.07.029,,Intravenous iron reduces NT-pro-brain natriuretic peptide in anemic patients with chronic heart failure and renal insufficiency.,"Toblli JE, et al.",2007,J Am Coll Cardiol,Journal Article; Randomized Controlled Trial,eng,meta,2026-09-29T19:20:46+02:00,escluso,E2-manca-FDI-o-FCM: iron sucrose vs placebo in scompenso cardiaco ‖ B: E2-manca-FDI-o-FCM: RCT iron sucrose vs placebo in scompenso cardiaco e insufficienza renale,,
18191732,10.1016/j.jacc.2007.09.036,,"Effect of intravenous iron sucrose on exercise tolerance in anemic and nonanemic patients with symptomatic chronic heart failure and iron deficiency FERRIC-HF: a randomized, controlled, observer-blinded trial.","Okonko DO, et al.",2008,J Am Coll Cardiol,"Comparative Study; Journal Article; Randomized Controlled Trial; Research Support, Non-U.S. Gov't",eng,meta,2026-09-29T19:20:46+02:00,escluso,"E2-manca-FDI-o-FCM: iron sucrose vs nessun trattamento (FERRIC-HF) ‖ B: E2-manca-FDI-o-FCM: FERRIC-HF, RCT iron sucrose vs nessun trattamento",,
18234203,10.1016/j.ijgo.2007.10.009,,Comparative efficacy and safety of intravenous ferric carboxymaltose in the treatment of postpartum iron deficiency anemia.,"Breymann C, et al.",2008,Int J Gynaecol Obstet,"Comparative Study; Journal Article; Randomized Controlled Trial; Research Support, Non-U.S. Gov't",eng,meta,2026-09-29T19:20:46+02:00,escluso,"E2-manca-FDI-o-FCM: FCM vs ferro solfato orale, nessun braccio FDI ‖ B: E2-manca-FDI-o-FCM: RCT FCM vs solfato ferroso orale nel post-partum, nessun braccio FDI",,
18371137,10.1111/j.1572-0241.2007.01744.x,,A novel intravenous iron formulation for treatment of anemia in inflammatory bowel disease: the ferric carboxymaltose (FERINJECT) randomized controlled trial.,"Kulnigg S, et al.",2008,Am J Gastroenterol,"Clinical Trial, Phase III; Comparative Study; Journal Article; Multicenter Study; Randomized Controlled Trial; Research Support, Non-U.S. Gov't",eng,meta,2026-09-29T19:20:46+02:00,escluso,"E2-manca-FDI-o-FCM: FCM vs ferro solfato orale in IBD, nessun braccio FDI ‖ B: E2-manca-FDI-o-FCM: RCT FCM vs solfato ferroso orale in IBD, nessun braccio FDI",,
18720044,10.1080/00016340802317802,,A 12-week randomised study comparing intravenous iron sucrose versus oral ferrous sulphate for treatment of postpartum anemia.,"Westad S, et al.",2008,Acta Obstet Gynecol Scand,Comparative Study; Journal Article; Multicenter Study; Randomized Controlled Trial,eng,meta,2026-09-29T19:20:46+02:00,escluso,E2-manca-FDI-o-FCM: iron sucrose EV vs ferro solfato orale post-partum ‖ B: E2-manca-FDI-o-FCM: RCT iron sucrose EV vs solfato ferroso orale nel post-partum,,
18845368,10.1053/j.ajkd.2008.05.033,,Intravenous versus oral iron supplementation for the treatment of anemia in CKD: systematic review and meta-analysis.,"Rozen-Zvi B, et al.",2008,Am J Kidney Dis,Journal Article; Meta-Analysis; Systematic Review,eng,meta,2026-09-29T19:20:46+02:00,escluso,E3-non-primario: revisione sistematica e meta-analisi EV vs orale in CKD (da annotare in fonti-di-riferimenti) ‖ B: E3-non-primario: revisione sistematica e meta-analisi ferro EV vs orale in CKD,,
18928998,10.1016/j.ajog.2008.07.046,,Ferric carboxymaltose injection in the treatment of postpartum iron deficiency anemia: a randomized controlled clinical trial.,"Seid MH, et al.",2008,Am J Obstet Gynecol,Comparative Study; Journal Article; Multicenter Study; Randomized Controlled Trial,eng,meta,2026-09-29T19:20:46+02:00,escluso,"E2-manca-FDI-o-FCM: FCM vs ferro solfato orale post-partum, nessun braccio FDI ‖ B: E2-manca-FDI-o-FCM: RCT FCM vs solfato ferroso orale nel post-partum, nessun braccio FDI",,
19330567,10.1080/00365520902839667,,"Intravenous iron sucrose is superior to oral iron sulphate for correcting anaemia and restoring iron stores in IBD patients: A randomized, controlled, evaluator-blind, multicentre study.","Lindgren S, et al.",2009,Scand J Gastroenterol,"Comparative Study; Journal Article; Multicenter Study; Randomized Controlled Trial; Research Support, Non-U.S. Gov't",eng,meta,2026-09-29T19:20:46+02:00,escluso,E2-manca-FDI-o-FCM: iron sucrose EV vs ferro solfato orale in IBD ‖ B: E2-manca-FDI-o-FCM: RCT iron sucrose EV vs solfato di ferro orale in IBD,,
19332985,10.1159/000210062,,"Safety and usefulness of intravenous iron sucrose in the management of preoperative anemia in patients with menorrhagia: a phase IV, open-label, prospective, randomized study.","Kim YH, et al.",2009,Acta Haematol,"Clinical Trial, Phase IV; Comparative Study; Journal Article; Multicenter Study; Randomized Controlled Trial",eng,meta,2026-09-29T19:20:46+02:00,escluso,E2-manca-FDI-o-FCM: iron sucrose EV vs ferro orale in menorragia ‖ B: E2-manca-FDI-o-FCM: RCT iron sucrose EV vs ferro proteinsuccinilato orale in menorragia,,
19405553,10.2165/00003495-200969060-00007,,Ferric carboxymaltose: a review of its use in iron-deficiency anaemia.,"Lyseng-Williamson KA, Keating GM",2009,Drugs,Journal Article; Review,eng,meta,2026-09-29T19:20:46+02:00,escluso,E3-non-primario: review narrativa su FCM (da annotare in fonti-di-riferimenti) ‖ B: E3-non-primario: review narrativa su ferric carboxymaltose,,
19682342,10.1111/j.1537-2995.2009.02327.x,,"Large-dose intravenous ferric carboxymaltose injection for iron deficiency anemia in heavy uterine bleeding: a randomized, controlled trial.","Van Wyck DB, et al.",2009,Transfusion,"Comparative Study; Journal Article; Randomized Controlled Trial; Research Support, Non-U.S. Gov't",eng,meta,2026-09-29T19:20:46+02:00,escluso,"E2-manca-FDI-o-FCM: FCM vs ferro solfato orale in sanguinamento uterino, nessun braccio FDI ‖ B: E2-manca-FDI-o-FCM: RCT FCM vs solfato ferroso orale in sanguinamento uterino, nessun braccio FDI",,
19731228,10.1002/bjs.6688,,Randomized clinical trial of preoperative intravenous iron sucrose to reduce blood transfusion in anaemic patients after colorectal cancer surgery.,"Edwards TJ, et al.",2009,Br J Surg,"Journal Article; Randomized Controlled Trial; Research Support, Non-U.S. Gov't",eng,meta,2026-09-29T19:20:46+02:00,escluso,E2-manca-FDI-o-FCM: iron sucrose vs placebo prima di chirurgia colorettale ‖ B: E2-manca-FDI-o-FCM: RCT iron sucrose vs placebo prima di chirurgia colorettale,,
19875408,10.1093/eurjhf/hfp140,PMC2770581,"Rationale and design of Ferinject assessment in patients with IRon deficiency and chronic Heart Failure (FAIR-HF) study: a randomized, placebo-controlled study of intravenous iron supplementation in patients with and without anaemia.","Anker SD, et al.",2009,Eur J Heart Fail,"Journal Article; Multicenter Study; Randomized Controlled Trial; Research Support, Non-U.S. Gov't",eng,meta,2026-09-29T19:20:46+02:00,escluso,"E2-manca-FDI-o-FCM: protocollo FAIR-HF, FCM vs placebo salino, nessun braccio FDI ‖ B: E2-manca-FDI-o-FCM: protocollo FAIR-HF, FCM vs placebo, nessun braccio FDI",,
19888949,10.1111/j.1542-4758.2009.00409.x,,Safety and tolerability of intravenous ferric carboxymaltose in patients with iron deficiency anemia.,"Bailie GR, Mason NA, Valaoras TG",2010,Hemodial Int,"Clinical Trial, Phase III; Journal Article; Multicenter Study; Randomized Controlled Trial",eng,meta,2026-09-29T19:20:46+02:00,escluso,"E2-manca-FDI-o-FCM: FCM vs placebo in crossover, nessun braccio FDI ‖ B: E2-manca-FDI-o-FCM: crossover randomizzato FCM vs placebo, nessun braccio FDI",,
19920054,10.1056/NEJMoa0908355,,Ferric carboxymaltose in patients with heart failure and iron deficiency.,"Anker SD, et al.",2009,N Engl J Med,"Journal Article; Multicenter Study; Randomized Controlled Trial; Research Support, Non-U.S. Gov't",eng,meta,2026-09-29T19:20:46+02:00,escluso,"E2-manca-FDI-o-FCM: FCM vs placebo in scompenso cardiaco (FAIR-HF) ‖ B: E2-manca-FDI-o-FCM: FAIR-HF, RCT FCM vs placebo in scompenso cardiaco",,
20630042,10.1111/j.1537-2995.2010.02769.x,,Role of perioperative intravenous iron therapy in elderly hip fracture patients: a single-center randomized controlled trial.,"Serrano-Trenas JA, et al.",2011,Transfusion,"Journal Article; Randomized Controlled Trial; Research Support, Non-U.S. Gov't",eng,meta,2026-09-29T19:20:46+02:00,escluso,E2-manca-FDI-o-FCM: iron sucrose vs trattamento standard in frattura d'anca ‖ B: E2-manca-FDI-o-FCM: RCT iron sucrose vs trattamento standard in frattura di femore,,
20648928,10.1055/s-0031-1296301,,"Pharmacokinetics, safety and tolerability of intravenous ferric carboxymaltose: a dose-escalation study in volunteers with mild iron-deficiency anaemia.","Geisser P, Banké-Bochita J",2010,Arzneimittelforschung,"Journal Article; Randomized Controlled Trial; Research Support, Non-U.S. Gov't",eng,meta,2026-09-29T19:20:46+02:00,escluso,"E2-manca-FDI-o-FCM: FCM a dosi crescenti vs placebo, studio di farmacocinetica senza braccio FDI ‖ B: E2-manca-FDI-o-FCM: studio PK a dosi crescenti di FCM vs placebo, nessun braccio FDI",,
20648931,10.1055/s-0031-1296304,,The efficacy and safety of current intravenous iron preparations for the management of iron-deficiency anaemia: a review.,Qunibi WY,2010,Arzneimittelforschung,Journal Article; Review,eng,meta,2026-09-29T19:20:46+02:00,escluso,E3-non-primario: review narrativa sulle preparazioni di ferro EV ‖ B: E3-non-primario: review narrativa sulle preparazioni di ferro EV,,
20929915,10.1093/ndt/gfq613,PMC3084440,A randomized controlled trial comparing intravenous ferric carboxymaltose with oral iron for treatment of iron deficiency anaemia of non-dialysis-dependent chronic kidney disease patients.,"Qunibi WY, et al.",2011,Nephrol Dial Transplant,"Journal Article; Multicenter Study; Randomized Controlled Trial; Research Support, Non-U.S. Gov't",eng,meta,2026-09-29T19:20:46+02:00,escluso,"E2-manca-FDI-o-FCM: RCT FCM vs ferro solfato orale in ND-CKD, nessun braccio FDI ‖ B: E2-manca-FDI-o-FCM: RCT FCM vs ferro solfato orale in ND-CKD, nessun braccio FDI",,
21340038,10.2147/DDDT.S15817,PMC3038995,When is high-dose intravenous iron repletion needed? Assessing new treatment options.,Gozzard D,2011,Drug Des Devel Ther,Journal Article; Review,eng,meta,2026-09-29T16:55:46+02:00,escluso,"E3-non-primario: review narrativa sulle alte dosi di ferro EV ‖ B: E3-non-primario: review sulla reintegrazione di ferro EV ad alte dosi, nessun dato di RCT",,
21439379,10.1016/j.ejpb.2011.03.016,,"A comparative study of the physicochemical properties of iron isomaltoside 1000 (Monofer), a new intravenous iron preparation and its clinical implications.","Jahn MR, et al.",2011,Eur J Pharm Biopharm,Comparative Study; Journal Article,eng,meta,2026-09-29T16:55:46+02:00,escluso,"E4-non-umano: confronto delle proprietà fisico-chimiche delle formulazioni, nessun paziente ‖ B: E4-non-umano: studio di proprietà fisico-chimiche delle formulazioni di ferro",,
21479141,10.2147/TCRM.S17536,PMC3071347,A hospital-based cost minimization study of the potential financial impact on the UK health care system of introduction of iron isomaltoside 1000.,Bhandari S,2011,Ther Clin Risk Manag,Journal Article,eng,meta,2026-09-29T16:55:46+02:00,escluso,"E2-manca-FDI-o-FCM: analisi di minimizzazione dei costi, nessun RCT ‖ B: E3-non-primario: analisi di minimizzazione dei costi, nessun RCT",,
21625121,10.1159/000327328,,New erythropoiesis-stimulating agents and new iron formulations.,"Locatelli F, Del Vecchio L",2011,Contrib Nephrol,Journal Article; Review,eng,meta,2026-09-29T16:55:46+02:00,escluso,E3-non-primario: review su ESA e nuovi ferri ‖ B: E3-non-primario: review su ESA e nuove formulazioni di ferro,,
21699794,10.1053/j.gastro.2011.06.005,,"FERGIcor, a randomized controlled trial on ferric carboxymaltose for iron deficiency anemia in inflammatory bowel disease.","Evstatiev R, et al.",2011,Gastroenterology,"Journal Article; Multicenter Study; Randomized Controlled Trial; Research Support, Non-U.S. Gov't",eng,meta,2026-09-29T19:20:46+02:00,escluso,"E2-manca-FDI-o-FCM: RCT FERGIcor FCM vs iron sucrose in IBD, nessun braccio FDI ‖ B: E2-manca-FDI-o-FCM: RCT FERGIcor FCM vs iron sucrose in IBD, nessun braccio FDI",,
21921645,10.1159/000330738,,Potential health economic impact of intravenous iron supplementation to erythropoiesis-stimulating agent treatment in patients with cancer- or chemotherapy-induced anemia.,"Szucs TD, et al.",2011,Oncology,"Journal Article; Research Support, Non-U.S. Gov't",eng,meta,2026-09-29T19:20:46+02:00,escluso,E3-non-primario: stima di costo-efficacia del ferro EV aggiunto a ESA basata su meta-analisi e RCT pubblicati ‖ B: E3-non-primario: stima di costo-efficacia basata su meta-analisi e RCT pubblicati,,
21942989,10.1186/1471-2326-11-4,PMC3206450,Meta-analysis of efficacy and safety of intravenous ferric carboxymaltose (Ferinject) from clinical trial reports and published trial data.,"Moore RA, et al.",2011,BMC Blood Disord,Journal Article,eng,meta,2026-09-29T19:20:46+02:00,escluso,"E3-non-primario: meta-analisi di trial su FCM vs ferro orale, placebo e iron sucrose ‖ B: E3-non-primario: meta-analisi dei trial di FCM",,
21978726,10.1016/j.sleep.2011.06.009,,"Clinical efficacy and safety of IV ferric carboxymaltose (FCM) treatment of RLS: a multi-centred, placebo-controlled preliminary clinical trial.","Allen RP, et al.",2011,Sleep Med,Journal Article; Multicenter Study; Randomized Controlled Trial,eng,meta,2026-09-29T19:20:46+02:00,escluso,"E2-manca-FDI-o-FCM: RCT FCM vs placebo nella sindrome delle gambe senza riposo, nessun braccio FDI ‖ B: E2-manca-FDI-o-FCM: RCT FCM vs placebo nella RLS, nessun braccio FDI",,
22241947,10.2147/TCRM.S25882,PMC3253757,Update of a comparative analysis of cost minimization following the introduction of newly available intravenous iron therapies in hospital practice.,Bhandari S,2011,Ther Clin Risk Manag,Journal Article,eng,meta,2026-09-29T16:55:46+02:00,escluso,"E2-manca-FDI-o-FCM: aggiornamento di analisi dei costi, nessun RCT ‖ B: E3-non-primario: aggiornamento di analisi di minimizzazione dei costi, nessun RCT",,
22297124,10.1093/eurheartj/ehr504,PMC3533918,The effect of intravenous ferric carboxymaltose on health-related quality of life in patients with chronic heart failure and iron deficiency: a subanalysis of the FAIR-HF study.,"Comin-Colet J, et al.",2013,Eur Heart J,"Journal Article; Randomized Controlled Trial; Research Support, Non-U.S. Gov't",eng,meta,2026-09-29T19:20:46+02:00,escluso,"E2-manca-FDI-o-FCM: sottoanalisi di FAIR-HF, FCM vs placebo, nessun braccio FDI ‖ B: E2-manca-FDI-o-FCM: sottoanalisi FAIR-HF, FCM vs placebo",,
22348897,10.1093/eurjhf/hfs017,,Iron supplementation for the treatment of chronic heart failure and iron deficiency: systematic review and meta-analysis.,"Avni T, Leibovici L, Gafter-Gvili A",2012,Eur J Heart Fail,Journal Article; Meta-Analysis; Systematic Review,eng,meta,2026-09-29T19:20:46+02:00,escluso,E3-non-primario: revisione sistematica e meta-analisi del ferro nello scompenso cardiaco ‖ B: E3-non-primario: revisione sistematica e meta-analisi del ferro nello scompenso,,
22405161,10.1016/j.crohns.2011.09.010,,Iron replacement therapy in inflammatory bowel disease patients with iron deficiency anemia: a systematic review and meta-analysis.,"Lee TW, et al.",2012,J Crohns Colitis,Journal Article; Meta-Analysis; Systematic Review,eng,meta,2026-09-29T19:20:46+02:00,escluso,E3-non-primario: revisione sistematica e meta-analisi ferro EV vs orale in IBD ‖ B: E3-non-primario: revisione sistematica e meta-analisi ferro EV vs orale in IBD,,
22413903,10.1517/14656566.2012.669373,,Ferric carboxymaltose for the treatment of iron-deficiency anemia. [corrected].,"Muñoz M, Martín-Montañez E",2012,Expert Opin Pharmacother,Journal Article; Review,eng,meta,2026-09-29T16:55:46+02:00,escluso,E3-non-primario: review su FCM ‖ B: E3-non-primario: review su FCM,,
22419860,10.2147/DDDT.S30015,PMC3299547,Pharmacokinetics of iron isomaltoside 1000 in patients with inflammatory bowel disease.,"Nordfjeld K, Andreasen H, Thomsen LL",2012,Drug Des Devel Ther,"Journal Article; Randomized Controlled Trial; Research Support, Non-U.S. Gov't",eng,meta,2026-09-29T19:20:46+02:00,escluso,"E2-manca-FDI-o-FCM: studio PK crossover di due dosi di iron isomaltoside 1000 in IBD, nessun braccio FCM ‖ B: E2-manca-FDI-o-FCM: studio PK crossover di due dosi di iron isomaltoside 1000, nessun braccio FCM",,
22575608,10.1093/annonc/mds112,,"Prevalence and management of cancer-related anaemia, iron deficiency and the specific role of i.v. iron.","Aapro M, et al.",2012,Ann Oncol,"Journal Article; Research Support, Non-U.S. Gov't; Review",eng,meta,2026-09-29T19:20:46+02:00,escluso,E3-non-primario: review su anemia oncologica e ferro EV ‖ B: E3-non-primario: review sull'anemia oncologica e il ferro EV,,
22652723,10.1159/000337820,,Maximizing the erythropoietin response: iron strategies.,"Prabhu MV, et al.",2012,Contrib Nephrol,Journal Article; Review,eng,meta,2026-09-29T16:55:46+02:00,escluso,E3-non-primario: review sulle strategie con ferro per la risposta all'EPO ‖ B: E3-non-primario: review sulle strategie con ferro per la risposta all'eritropoietina,,
22940889,10.1093/icvts/ivs344,PMC3501294,The effect of intravenous and oral iron administration on perioperative anaemia and transfusion requirements in patients undergoing elective cardiac surgery: a randomized clinical trial.,"Garrido-Martín P, et al.",2012,Interact Cardiovasc Thorac Surg,Comparative Study; Journal Article; Randomized Controlled Trial,eng,meta,2026-09-29T19:20:46+02:00,escluso,"E2-manca-FDI-o-FCM: RCT iron sucrose vs ferro fumarato orale vs placebo in cardiochirurgia, né FDI né FCM ‖ B: E2-manca-FDI-o-FCM: RCT iron sucrose vs ferro orale vs placebo in cardiochirurgia",,
22997572,10.1155/2012/172104,PMC3444829,"Safety and Efficacy of Intravenous Ferric Carboxymaltose (750 mg) in the Treatment of Iron Deficiency Anemia: Two Randomized, Controlled Trials.","Barish CF, et al.",2012,Anemia,Journal Article,eng,meta,2026-09-29T19:20:46+02:00,escluso,"E2-manca-FDI-o-FCM: due RCT FCM 750 mg vs standard medical care, nessun braccio FDI randomizzato ‖ B: E2-manca-FDI-o-FCM: due RCT FCM 750 mg vs standard medical care, nessun braccio FDI randomizzato",,
23078888,10.1016/j.cgh.2012.10.013,,Ferric carboxymaltose prevents recurrence of anemia in patients with inflammatory bowel disease.,"Evstatiev R, et al.",2013,Clin Gastroenterol Hepatol,"Journal Article; Multicenter Study; Randomized Controlled Trial; Research Support, Non-U.S. Gov't",eng,meta,2026-09-29T19:20:46+02:00,escluso,"E2-manca-FDI-o-FCM: RCT FCM vs placebo per prevenzione della recidiva di anemia in IBD, nessun braccio FDI ‖ B: E2-manca-FDI-o-FCM: RCT FCM vs placebo per prevenire la recidiva di anemia in IBD",,
23222534,10.1093/ndt/gfs528,,"Intravenous ferric carboxymaltose versus standard medical care in the treatment of iron deficiency anemia in patients with chronic kidney disease: a randomized, active-controlled, multi-center study.","Charytan C, et al.",2013,Nephrol Dial Transplant,"Clinical Trial, Phase III; Comparative Study; Journal Article; Multicenter Study; Randomized Controlled Trial; Research Support, Non-U.S. Gov't",eng,meta,2026-09-29T19:20:46+02:00,escluso,"E2-manca-FDI-o-FCM: RCT FCM vs standard medical care (ferro orale, iron sucrose, ferric gluconate) in CKD, nessun braccio FDI ‖ B: E2-manca-FDI-o-FCM: RCT FCM vs standard medical care in CKD, nessun braccio FDI",,
23274316,10.1097/MOG.0b013e32835bdc2e,,Intravenous iron in inflammatory bowel diseases.,"Gomollón F, Gisbert JP",2013,Curr Opin Gastroenterol,Journal Article; Review,eng,meta,2026-09-29T16:55:46+02:00,escluso,E3-non-primario: review sul ferro EV nelle IBD ‖ B: E3-non-primario: review sul ferro EV nelle IBD,,
23293433,10.4103/0970-0218.103467,PMC3531012,Iron sucrose versus oral iron therapy in pregnancy anemia.,"Neeru S, Nair NS, Rai L",2012,Indian J Community Med,Journal Article,eng,meta,2026-09-29T19:20:46+02:00,escluso,"E2-manca-FDI-o-FCM: RCT iron sucrose vs ferro orale in gravidanza, né FDI né FCM ‖ B: E2-manca-FDI-o-FCM: RCT iron sucrose vs ferro orale in gravidanza",,
23314137,,,Use of intravenous iron supplementation in chronic kidney disease: an update.,"Macdougall IC, Geisser P",2013,Iran J Kidney Dis,Journal Article; Review,eng,meta,2026-09-29T16:55:46+02:00,escluso,E3-non-primario: review sul ferro EV nella CKD ‖ B: E3-non-primario: review sul ferro EV nella CKD,,
23505057,10.1002/jbmr.1923,,Effects of iron deficiency anemia and its treatment on fibroblast growth factor 23 and phosphate homeostasis in women.,"Wolf M, Koch TA, Bregman DB",2013,J Bone Miner Res,"Journal Article; Multicenter Study; Randomized Controlled Trial; Research Support, Non-U.S. Gov't",eng,meta,2026-09-29T19:20:46+02:00,escluso,"E2-manca-FDI-o-FCM: RCT FCM vs iron dextran su FGF23 e fosfato, nessun braccio FDI ‖ B: E2-manca-FDI-o-FCM: randomizzazione FCM vs iron dextran, nessun braccio FDI",,
23644823,10.1097/MIB.0b013e318281f4db,,"Iron deficiency generates secondary thrombocytosis and platelet activation in IBD: the randomized, controlled thromboVIT trial.","Kulnigg-Dabsch S, et al.",2013,Inflamm Bowel Dis,"Clinical Trial, Phase II; Journal Article; Multicenter Study; Randomized Controlled Trial; Research Support, Non-U.S. Gov't",eng,meta,2026-09-29T19:20:46+02:00,escluso,"E2-manca-FDI-o-FCM: RCT thromboVIT FCM vs placebo in IBD con trombocitosi, nessun braccio FDI ‖ B: E2-manca-FDI-o-FCM: RCT thromboVIT FCM vs placebo in IBD",,
23678667,,,[Importance of the different i.v. iron generations for everyday medical practice].,"Biggar P, Hahn KM",2013,MMW Fortschr Med,Comparative Study; Journal Article; Review,ger,meta,2026-09-29T16:55:46+02:00,escluso,E3-non-primario: review sulle generazioni di ferro EV ‖ B: E3-non-primario: review sulle generazioni di ferro EV,,
23680589,10.1016/j.ijcard.2013.04.181,,IRON-HF study: a randomized trial to assess the effects of iron in heart failure patients with anemia.,"Beck-da-Silva L, et al.",2013,Int J Cardiol,Journal Article; Multicenter Study; Randomized Controlled Trial,eng,meta,2026-09-29T19:20:46+02:00,escluso,"E2-manca-FDI-o-FCM: RCT IRON-HF iron sucrose vs ferro orale vs placebo, né FDI né FCM ‖ B: E2-manca-FDI-o-FCM: RCT IRON-HF iron sucrose vs ferro orale vs placebo",,
23772856,10.1111/trf.12289,,"A multicenter, randomized, active-controlled study to investigate the efficacy and safety of intravenous ferric carboxymaltose in patients with iron deficiency anemia.","Onken JE, et al.",2014,Transfusion,"Journal Article; Multicenter Study; Randomized Controlled Trial; Research Support, Non-U.S. Gov't",eng,meta,2026-09-29T19:20:46+02:00,escluso,"E2-manca-FDI-o-FCM: RCT FCM vs ferro orale e vs ferro EV standard of care, nessun braccio FDI ‖ B: E2-manca-FDI-o-FCM: RCT FCM vs ferro orale o IV standard of care, nessun braccio FDI",,
23787722,10.1093/eurjhf/hft099,PMC3806282,Intravenous ferric carboxymaltose in iron-deficient chronic heart failure patients with and without anaemia: a subanalysis of the FAIR-HF trial.,"Filippatos G, et al.",2013,Eur J Heart Fail,Journal Article; Randomized Controlled Trial,eng,meta,2026-09-29T19:20:46+02:00,escluso,"E2-manca-FDI-o-FCM: sottoanalisi di FAIR-HF, FCM vs placebo, nessun braccio FDI ‖ B: E2-manca-FDI-o-FCM: sottoanalisi FAIR-HF, FCM vs placebo",,
23950195,10.1136/bmj.f4822,PMC3805480,Safety and efficacy of intravenous iron therapy in reducing requirement for allogeneic blood transfusion: systematic review and meta-analysis of randomised clinical trials.,"Litton E, Xiao J, Ho KM",2013,BMJ,Journal Article; Meta-Analysis; Systematic Review,eng,meta,2026-09-29T19:20:46+02:00,escluso,E3-non-primario: revisione sistematica e meta-analisi di RCT di ferro EV vs orale o nessun ferro ‖ B: E3-non-primario: revisione sistematica e meta-analisi di RCT di ferro EV,,
23950666,10.2147/RMHP.S41818,PMC3741173,Anemia management: development of a rapidaccess anemia and intravenous iron service.,"Radia D, et al.",2013,Risk Manag Healthc Policy,Journal Article,eng,meta,2026-09-29T16:55:46+02:00,escluso,"E3-non-primario: descrizione organizzativa di un servizio ambulatoriale, nessun RCT ‖ B: E3-non-primario: descrizione organizzativa di una clinica per l'anemia, nessun RCT",,
23963731,10.1093/ndt/gft251,,Ferric carboxymaltose in patients with iron-deficiency anemia and impaired renal function: the REPAIR-IDA trial.,"Onken JE, et al.",2014,Nephrol Dial Transplant,"Comparative Study; Journal Article; Multicenter Study; Randomized Controlled Trial; Research Support, Non-U.S. Gov't",eng,meta,2026-09-29T19:20:46+02:00,escluso,"E2-manca-FDI-o-FCM: RCT REPAIR-IDA FCM vs iron sucrose in NDD-CKD, nessun braccio FDI ‖ B: E2-manca-FDI-o-FCM: RCT REPAIR-IDA FCM vs iron sucrose in NDD-CKD",,
23998966,10.1016/j.jpba.2013.08.005,,Structural characterization of iron oxide/hydroxide nanoparticles in nine different parenteral drugs for the treatment of iron deficiency anaemia by electron diffraction (ED) and X-ray powder diffraction (XRPD).,"Fütterer S, et al.",2013,J Pharm Biomed Anal,"Journal Article; Research Support, Non-U.S. Gov't",eng,meta,2026-09-29T16:55:46+02:00,escluso,E4-non-umano: caratterizzazione strutturale di formulazioni per diffrazione ‖ B: E4-non-umano: caratterizzazione strutturale di nanoparticelle di ferro con diffrazione,,
24036104,10.1016/j.freeradbiomed.2013.09.001,,"The complex interplay of iron metabolism, reactive oxygen species, and reactive nitrogen species: insights into the potential of various iron therapies to induce oxidative and nitrosative stress.","Koskenkorva-Frank TS, et al.",2013,Free Radic Biol Med,"Journal Article; Research Support, Non-U.S. Gov't; Review",eng,meta,2026-09-29T16:55:46+02:00,escluso,"E3-non-primario: review su ferro e stress ossidativo ‖ B: E3-non-primario: review su ferro, stress ossidativo e nitrosativo",,
24069536,10.1155/2013/169107,PMC3773415,Direct Comparison of the Safety and Efficacy of Ferric Carboxymaltose versus Iron Dextran in Patients with Iron Deficiency Anemia.,"Hussain I, et al.",2013,Anemia,Journal Article,eng,meta,2026-09-29T19:20:46+02:00,escluso,"E2-manca-FDI-o-FCM: RCT FCM vs iron dextran, nessun braccio FDI ‖ B: E2-manca-FDI-o-FCM: RCT FCM vs iron dextran, nessun braccio FDI",,
24135037,10.1016/j.tmrv.2013.09.001,,Efficacy and safety of erythropoietin and intravenous iron in perioperative blood management: a systematic review.,"Lin DM, Lin ES, Tran MH",2013,Transfus Med Rev,Journal Article; Systematic Review,eng,meta,2026-09-29T19:20:46+02:00,escluso,E3-non-primario: revisione sistematica su eritropoietina e ferro EV nel perioperatorio ‖ B: E3-non-primario: revisione sistematica su EPO e ferro EV perioperatori,,
24145678,10.1038/ajg.2013.335,PMC3853365,"A randomized, open-label, non-inferiority study of intravenous iron isomaltoside 1,000 (Monofer) compared with oral iron for treatment of anemia in IBD (PROCEED).","Reinisch W, et al.",2013,Am J Gastroenterol,"Comparative Study; Journal Article; Multicenter Study; Randomized Controlled Trial; Research Support, Non-U.S. Gov't",eng,meta,2026-09-29T19:20:46+02:00,escluso,"E2-manca-FDI-o-FCM: RCT PROCEED iron isomaltoside 1000 vs ferro solfato orale in IBD, nessun braccio FCM ‖ B: E2-manca-FDI-o-FCM: RCT PROCEED iron isomaltoside 1000 vs ferro solfato orale in IBD, nessun braccio FCM",,
24170814,10.1093/ndt/gft424,PMC3967831,The FIND-CKD study--a randomized controlled trial of intravenous iron versus oral iron in non-dialysis chronic kidney disease patients: background and rationale.,"Macdougall IC, et al.",2014,Nephrol Dial Transplant,Journal Article; Multicenter Study; Randomized Controlled Trial,eng,meta,2026-09-29T19:20:46+02:00,escluso,"E2-manca-FDI-o-FCM: protocollo FIND-CKD, FCM a due dosi vs ferro solfato orale, nessun braccio FDI ‖ B: E2-manca-FDI-o-FCM: rationale del trial FIND-CKD, FCM a due target di ferritina vs ferro solfato orale, nessun braccio FDI",,
24312441,10.1371/journal.pone.0075540,PMC3846470,Treatment of anemia in inflammatory bowel disease--systematic review and meta-analysis.,"Avni T, et al.",2013,PLoS One,Journal Article; Meta-Analysis; Systematic Review,eng,meta,2026-09-29T19:20:46+02:00,escluso,E3-non-primario: revisione sistematica e meta-analisi sul trattamento dell'anemia in IBD ‖ B: E3-non-primario: revisione sistematica e meta-analisi dei trattamenti dell'anemia in IBD,,
24373521,10.1186/1471-2369-14-281,PMC3877875,"High dose intravenous iron, mineral homeostasis and intact FGF23 in normal and uremic rats.","Gravesen E, et al.",2013,BMC Nephrol,"Journal Article; Research Support, Non-U.S. Gov't",eng,meta,2026-09-29T16:55:46+02:00,escluso,E4-non-umano: studio su ratti normali e uremici ‖ B: E4-non-umano: studio su ratti normali e uremici,,
24401789,10.1097/01.mnh.0000441154.40072.2e,,Update on intravenous iron choices.,"Larson DS, Coyne DW",2014,Curr Opin Nephrol Hypertens,Journal Article; Review,eng,meta,2026-09-29T16:55:46+02:00,escluso,E3-non-primario: review sulle scelte di ferro EV ‖ B: E3-non-primario: review sulle scelte di ferro EV,,
24513913,10.1159/000358336,,Efficacy and safety of intravenous iron therapy for functional iron deficiency anemia in hemodialysis patients: a meta-analysis.,"Susantitaphong P, Alqahtani F, Jaber BL",2014,Am J Nephrol,"Journal Article; Meta-Analysis; Research Support, Non-U.S. Gov't",eng,meta,2026-09-29T19:20:46+02:00,escluso,E3-non-primario: meta-analisi del ferro EV nella carenza funzionale in emodialisi ‖ B: E3-non-primario: meta-analisi del ferro EV nella carenza funzionale in emodialisi,,
24523357,10.1093/ndt/gft524,PMC3967833,Distinct immunologic effects of different intravenous iron preparations on monocytes.,"Fell LH, et al.",2014,Nephrol Dial Transplant,"Journal Article; Research Support, Non-U.S. Gov't",eng,meta,2026-09-29T16:55:46+02:00,escluso,E4-non-umano: esperimenti in vitro su monociti ‖ B: E4-non-umano: studio in vitro su monociti,,
24751822,10.1371/journal.pone.0094217,PMC3994001,"Evaluation of a single dose of ferric carboxymaltose in fatigued, iron-deficient women--PREFER a randomized, placebo-controlled study.","Favrat B, et al.",2014,PLoS One,"Journal Article; Randomized Controlled Trial; Research Support, Non-U.S. Gov't",eng,meta,2026-09-29T19:20:46+02:00,escluso,"E2-manca-FDI-o-FCM: RCT PREFER FCM vs placebo in donne affaticate, nessun braccio FDI ‖ B: E2-manca-FDI-o-FCM: RCT PREFER FCM vs placebo salino in donne affaticate, nessun braccio FDI",,
24780615,10.1093/bja/aeu092,,Randomized trial comparing ferric carboxymaltose vs oral ferrous glycine sulphate for postoperative anaemia after total knee arthroplasty.,"Bisbe E, et al.",2014,Br J Anaesth,"Comparative Study; Journal Article; Randomized Controlled Trial; Research Support, Non-U.S. Gov't",eng,meta,2026-09-29T19:20:46+02:00,escluso,"E2-manca-FDI-o-FCM: RCT FCM vs ferro glicina solfato orale dopo protesi di ginocchio, nessun braccio FDI ‖ B: E2-manca-FDI-o-FCM: RCT FCM vs ferro glicina solfato orale dopo protesi di ginocchio, nessun braccio FDI",,
24839366,10.1007/s12288-012-0224-1,PMC4022911,A randomised controlled trial to compare intravenous iron sucrose and oral iron in treatment of iron deficiency anemia in pregnancy.,"Gupta A, Manaktala U, Rathore AM",2014,Indian J Hematol Blood Transfus,Journal Article,eng,meta,2026-09-29T19:20:46+02:00,escluso,"E2-manca-FDI-o-FCM: RCT iron sucrose vs ferro orale in gravidanza, né FDI né FCM ‖ B: E2-manca-FDI-o-FCM: RCT iron sucrose vs ferro orale in gravidanza, né FDI né FCM",,
24995217,10.7860/JCDR/2014/6568.4382,PMC4080038,Intravenous iron sucrose and oral iron for the treatment of iron deficiency anaemia in pregnancy.,"Abhilashini GD, Sagili H, Reddi R",2014,J Clin Diagn Res,Journal Article,eng,meta,2026-09-29T19:20:46+02:00,escluso,"E2-manca-FDI-o-FCM: studio randomizzato iron sucrose vs ferro solfato orale in gravidanza, né FDI né FCM ‖ B: E2-manca-FDI-o-FCM: studio randomizzato iron sucrose vs ferro solfato orale in gravidanza, né FDI né FCM",,
25017687,10.1016/j.iac.2014.04.013,,Hypersensitivity from intravenous iron products.,"Bircher AJ, Auerbach M",2014,Immunol Allergy Clin North Am,Journal Article; Review,eng,meta,2026-09-29T16:55:46+02:00,escluso,E3-non-primario: review sull'ipersensibilità al ferro EV ‖ B: E3-non-primario: review sulle reazioni di ipersensibilità al ferro EV,,
25050519,10.1055/s-0034-1384534,,"Nitrosative Stress and Apoptosis by Intravenous Ferumoxytol, Iron Isomaltoside 1000, Iron Dextran, Iron Sucrose, and Ferric Carboxymaltose in a Nonclinical Model.","Toblli JE, et al.",2015,Drug Res (Stuttg),"Journal Article; Research Support, Non-U.S. Gov't",eng,meta,2026-09-29T16:55:46+02:00,escluso,E4-non-umano: modello preclinico nel ratto ‖ B: E4-non-umano: modello non clinico nel ratto,,
25176939,10.1093/eurheartj/ehu385,PMC4359359,Beneficial effects of long-term intravenous iron therapy with ferric carboxymaltose in patients with symptomatic heart failure and iron deficiency†.,"Ponikowski P, et al.",2015,Eur Heart J,"Journal Article; Multicenter Study; Randomized Controlled Trial; Research Support, Non-U.S. Gov't",eng,meta,2026-09-29T19:20:46+02:00,escluso,"E2-manca-FDI-o-FCM: RCT CONFIRM-HF FCM vs placebo nello scompenso, nessun braccio FDI ‖ B: E2-manca-FDI-o-FCM: RCT CONFIRM-HF FCM vs placebo nello scompenso cardiaco, nessun braccio FDI",,
25213175,10.2174/1389450115666140909150850,,Iron deficiency: the hidden miscreant in inflammatory bowel disease.,"Allocca M, Fiorino G, Danese S",2014,Curr Drug Targets,Journal Article; Review,eng,meta,2026-09-29T16:55:46+02:00,escluso,E3-non-primario: review sulla carenza di ferro nelle IBD ‖ B: E3-non-primario: review sulla carenza di ferro nelle IBD,,
25428711,10.1007/s40265-014-0332-3,,Ferric carboxymaltose: a review of its use in iron deficiency.,Keating GM,2015,Drugs,Journal Article; Review,eng,meta,2026-09-29T19:20:46+02:00,escluso,E3-non-primario: review narrativa su ferric carboxymaltose ‖ B: E3-non-primario: review narrativa su ferric carboxymaltose (Drugs),,
25501922,10.1007/s10620-014-3460-4,PMC4427620,Clinical significance of C-reactive protein levels in predicting responsiveness to iron therapy in patients with inflammatory bowel disease and iron deficiency anemia.,"Iqbal T, et al.",2015,Dig Dis Sci,Comparative Study; Journal Article,eng,meta,2026-09-29T19:20:46+02:00,escluso,"E2-manca-FDI-o-FCM: analisi retrospettiva di un trial FCM vs ferro solfato orale in IBD, nessun braccio FDI ‖ B: E2-manca-FDI-o-FCM: analisi retrospettiva di un RCT FCM vs ferro solfato orale in IBD, nessun braccio FDI",,
25545376,10.1097/MIB.0000000000000314,PMC4342319,Ferric maltol is effective in correcting iron deficiency anemia in patients with inflammatory bowel disease: results from a phase-3 clinical trial program.,"Gasche C, et al.",2015,Inflamm Bowel Dis,"Clinical Trial, Phase III; Journal Article; Multicenter Study; Randomized Controlled Trial; Research Support, Non-U.S. Gov't",eng,meta,2026-09-29T19:20:46+02:00,escluso,"E2-manca-FDI-o-FCM: RCT ferric maltol orale vs placebo in IBD, né FDI né FCM ‖ B: E2-manca-FDI-o-FCM: RCT ferric maltol orale vs placebo in IBD, né FDI né FCM",,
25572192,10.1016/j.mayocp.2014.10.007,,The safety of intravenous iron preparations: systematic review and meta-analysis.,"Avni T, et al.",2015,Mayo Clin Proc,Journal Article; Meta-Analysis; Systematic Review,eng,meta,2026-09-29T19:20:46+02:00,escluso,E3-non-primario: revisione sistematica e meta-analisi sulla sicurezza dei ferri EV ‖ B: E3-non-primario: revisione sistematica e meta-analisi sulla sicurezza dei ferri EV,,
25588587,10.1186/1745-6215-16-5,PMC4326197,Intravenous iron isomaltoside 1000 administered by high single-dose infusions or standard medical care for the treatment of fatigue in women after postpartum haemorrhage: study protocol for a randomised controlled trial.,"Holm C, et al.",2015,Trials,"Journal Article; Randomized Controlled Trial; Research Support, Non-U.S. Gov't",eng,meta,2026-09-29T19:20:46+02:00,escluso,"E2-manca-FDI-o-FCM: protocollo di RCT iron isomaltoside 1000 vs standard medical care nell'emorragia post-partum, nessun braccio FCM ‖ B: E2-manca-FDI-o-FCM: protocollo di RCT iron isomaltoside 1000 vs standard medical care nell'emorragia post-partum, nessun braccio FCM",,
25666998,10.1016/j.hlc.2014.12.161,,Changes in Echocardiographic Parameters in Iron Deficiency Patients with Heart Failure and Chronic Kidney Disease Treated with Intravenous Iron.,"Toblli JE, Di Gennaro F, Rivas C",2015,Heart Lung Circ,Journal Article; Multicenter Study; Randomized Controlled Trial,eng,meta,2026-09-29T19:20:46+02:00,escluso,"E2-manca-FDI-o-FCM: RCT iron sucrose vs placebo in scompenso con CKD, né FDI né FCM ‖ B: E2-manca-FDI-o-FCM: RCT iron sucrose vs placebo in scompenso cardiaco e CKD, né FDI né FCM",,
25700159,10.1371/journal.pone.0117383,PMC4336293,Ferrous sulfate supplementation causes significant gastrointestinal side-effects in adults: a systematic review and meta-analysis.,"Tolkien Z, et al.",2015,PLoS One,"Journal Article; Meta-Analysis; Research Support, Non-U.S. Gov't; Systematic Review",eng,meta,2026-09-29T19:20:46+02:00,escluso,E3-non-primario: revisione sistematica e meta-analisi sugli effetti GI del ferro solfato ‖ B: E3-non-primario: revisione sistematica e meta-analisi degli effetti GI del ferro solfato,,
25801756,10.1007/s10534-015-9845-9,,"Physico-chemical properties of the new generation IV iron preparations ferumoxytol, iron isomaltoside 1000 and ferric carboxymaltose.","Neiser S, et al.",2015,Biometals,"Journal Article; Research Support, Non-U.S. Gov't",eng,meta,2026-09-29T16:55:46+02:00,escluso,E4-non-umano: caratterizzazione fisico-chimica delle formulazioni ‖ B: E4-non-umano: studio delle proprietà fisico-chimiche dei preparati,,
25900643,10.1111/vox.12278,PMC4690506,"Intravenous iron isomaltoside 1000 (Monofer®) reduces postoperative anaemia in preoperatively non-anaemic patients undergoing elective or subacute coronary artery bypass graft, valve replacement or a combination thereof: a randomized double-blind placebo-controlled clinical trial (the PROTECT trial).","Johansson PI, Rasmussen AS, Thomsen LL",2015,Vox Sang,"Journal Article; Randomized Controlled Trial; Research Support, Non-U.S. Gov't",eng,meta,2026-09-29T19:20:46+02:00,escluso,"E2-manca-FDI-o-FCM: RCT PROTECT iron isomaltoside 1000 vs placebo in cardiochirurgia, nessun braccio FCM ‖ B: E2-manca-FDI-o-FCM: RCT PROTECT iron isomaltoside 1000 vs placebo in cardiochirurgia, nessun braccio FCM",,
25925701,10.1093/ndt/gfv096,PMC4550440,"A randomized, open-label trial of iron isomaltoside 1000 (Monofer®) compared with iron sucrose (Venofer®) as maintenance therapy in haemodialysis patients.","Bhandari S, et al.",2015,Nephrol Dial Transplant,"Comparative Study; Journal Article; Multicenter Study; Randomized Controlled Trial; Research Support, Non-U.S. Gov't",eng,meta,2026-09-29T19:20:46+02:00,escluso,"E2-manca-FDI-o-FCM: RCT iron isomaltoside 1000 vs iron sucrose in emodialisi, nessun braccio FCM ‖ B: E2-manca-FDI-o-FCM: RCT iron isomaltoside 1000 vs iron sucrose in emodialisi, nessun braccio FCM",,
25973894,10.1371/journal.pone.0125272,PMC4431721,Comparative evaluation of nephrotoxicity and management by macrophages of intravenous pharmaceutical iron formulations.,"Connor JR, et al.",2015,PLoS One,"Comparative Study; Journal Article; Research Support, Non-U.S. Gov't",eng,meta,2026-09-29T16:55:46+02:00,escluso,"E4-non-umano: studio su cellule e omogenati, nessun paziente ‖ B: E4-non-umano: studio su cellule e macrofagi di ratto e omogenati renali",,
26250435,10.1093/ndt/gfv293,PMC4805129,A randomized trial of iron isomaltoside 1000 versus oral iron in non-dialysis-dependent chronic kidney disease patients with anaemia.,"Kalra PA, et al.",2016,Nephrol Dial Transplant,Comparative Study; Journal Article; Multicenter Study; Randomized Controlled Trial,eng,meta,2026-09-29T19:20:46+02:00,escluso,"E2-manca-FDI-o-FCM: RCT iron isomaltoside 1000 vs ferro solfato orale in NDD-CKD, nessun braccio FCM ‖ B: E2-manca-FDI-o-FCM: RCT iron isomaltoside 1000 vs ferro orale in CKD non dialitica, nessun braccio FCM",,
26498106,10.1016/j.nephro.2015.04.009,,"[Use of intravenous iron supplementation in chronic kidney disease: Interests, limits, and recommendations for a better practice].","Rottembourg J, Rostoker G",2015,Nephrol Ther,Journal Article; Review,fre,meta,2026-09-29T16:55:46+02:00,escluso,E3-non-primario: review sul ferro EV nella CKD ‖ B: E3-non-primario: review sul ferro EV nella CKD,,
26692005,10.1007/s40261-015-0361-z,PMC4761015,Efficacy and Safety of Ferric Carboxymaltose and Other Formulations in Iron-Deficient Patients: A Systematic Review and Network Meta-analysis of Randomised Controlled Trials.,"Rognoni C, et al.",2016,Clin Drug Investig,"Journal Article; Research Support, Non-U.S. Gov't; Systematic Review; Network Meta-Analysis",eng,meta,2026-09-29T19:20:46+02:00,escluso,E3-non-primario: revisione sistematica e network meta-analisi su FCM e altre formulazioni ‖ B: E3-non-primario: revisione sistematica e network meta-analysis su FCM e altre formulazioni,,
26765407,10.1097/MD.0000000000002308,PMC4718233,Intravenous Versus Oral Iron for the Treatment of Anemia in Inflammatory Bowel Disease: A Systematic Review and Meta-Analysis of Randomized Controlled Trials.,"Bonovas S, et al.",2016,Medicine (Baltimore),"Comparative Study; Journal Article; Meta-Analysis; Research Support, Non-U.S. Gov't; Systematic Review",eng,meta,2026-09-29T19:20:46+02:00,escluso,E3-non-primario: revisione sistematica e meta-analisi ferro EV vs orale in IBD ‖ B: E3-non-primario: revisione sistematica e meta-analisi ferro EV vs orale in IBD,,
26817624,10.1097/SLA.0000000000001646,PMC4902320,The Important Role for Intravenous Iron in Perioperative Patient Blood Management in Major Abdominal Surgery: A Randomized Controlled Trial.,"Froessler B, et al.",2016,Ann Surg,"Comparative Study; Journal Article; Randomized Controlled Trial; Research Support, Non-U.S. Gov't",eng,meta,2026-09-29T19:20:46+02:00,escluso,"E2-manca-FDI-o-FCM: RCT a due bracci, un solo ferro EV contro usual care in chirurgia addominale; nessun confronto fra due ferri EV ‖ B: E2-manca-FDI-o-FCM: RCT di un unico ferro EV vs usual care in chirurgia addominale; un solo braccio EV, quindi non può esserci confronto randomizzato FDI vs FCM",,
26848182,10.1136/gutjnl-2015-309940,PMC5531225,Oral versus intravenous iron replacement therapy distinctly alters the gut microbiota and metabolome in patients with IBD.,"Lee T, et al.",2017,Gut,Journal Article; Randomized Controlled Trial,eng,meta,2026-09-29T19:20:46+02:00,escluso,"E2-manca-FDI-o-FCM: trial randomizzato ferro solfato orale vs iron sucrose in IBD, né FDI né FCM ‖ B: E2-manca-FDI-o-FCM: trial randomizzato iron sucrose EV vs ferro solfato orale in IBD, né FDI né FCM",,
26868063,10.1016/j.ijgo.2015.09.007,,Randomized controlled trial comparing ferric carboxymaltose and iron sucrose for treatment of iron deficiency anemia due to abnormal uterine bleeding.,"Mahey R, et al.",2016,Int J Gynaecol Obstet,Comparative Study; Journal Article; Randomized Controlled Trial,eng,meta,2026-09-29T19:20:46+02:00,escluso,"E2-manca-FDI-o-FCM: RCT FCM vs iron sucrose nel sanguinamento uterino anomalo, nessun braccio FDI ‖ B: E2-manca-FDI-o-FCM: RCT FCM vs iron sucrose nel sanguinamento uterino anomalo, nessun braccio FDI",,
26927900,10.1002/phar.1729,PMC5071650,A Randomized Noninferiority Trial of Intravenous Iron Isomaltoside versus Oral Iron Sulfate in Patients with Nonmyeloid Malignancies and Anemia Receiving Chemotherapy: The PROFOUND Trial.,"Birgegård G, et al.",2016,Pharmacotherapy,"Clinical Trial, Phase III; Comparative Study; Journal Article; Multicenter Study; Randomized Controlled Trial; Research Support, Non-U.S. Gov't",eng,meta,2026-09-29T19:20:46+02:00,escluso,"E2-manca-FDI-o-FCM: RCT PROFOUND iron isomaltoside vs ferro solfato orale in pazienti oncologici, nessun braccio FCM ‖ B: E2-manca-FDI-o-FCM: RCT PROFOUND iron isomaltoside vs ferro solfato orale in pazienti oncologici, nessun braccio FCM",,
27045221,10.1093/ndtplus/sfr044,PMC4813789,Beyond efficacy and safety-the need for convenient and cost-effective iron therapy in health care.,Bhandari S,2011,NDT Plus,Journal Article,eng,meta,2026-09-29T16:55:46+02:00,escluso,"E3-non-primario: commento sulla convenienza e sul costo della terapia marziale, senza dati propri ‖ B: E3-non-primario: articolo di opinione su convenienza e costo-efficacia, senza dati di RCT",,
27190361,10.1093/ndt/gfw045,PMC5091613,Impact of individual intravenous iron preparations on the differentiation of monocytes towards macrophages and dendritic cells.,"Fell LH, et al.",2016,Nephrol Dial Transplant,Journal Article,eng,meta,2026-09-29T16:55:46+02:00,escluso,"E1-non-randomizzato: esperimenti in vitro, più un confronto in vivo iron sucrose vs FDI in dialisi, senza braccio FCM ‖ B: E2-manca-FDI-o-FCM: studio in vitro; il confronto in vivo nei pazienti dializzati è tra iron sucrose e FDI, senza braccio FCM",,
27195774,10.1111/trf.13624,,Ferric carboxymaltose with or without erythropoietin in anemic patients with hip fracture: a randomized clinical trial.,"Bernabeu-Wittel M, et al.",2016,Transfusion,"Journal Article; Randomized Controlled Trial; Research Support, Non-U.S. Gov't",eng,meta,2026-09-29T19:20:46+02:00,escluso,"E2-manca-FDI-o-FCM: RCT FCM ± EPO vs placebo nella frattura d'anca, nessun braccio FDI ‖ B: E2-manca-FDI-o-FCM: RCT FCM con o senza EPO vs placebo nella frattura di femore, nessun braccio FDI",,
27278921,10.1515/jpm-2016-0050,,"Ferric carboxymaltose vs. oral iron in the treatment of pregnant women with iron deficiency anemia: an international, open-label, randomized controlled trial (FER-ASAP).","Breymann C, et al.",2017,J Perinat Med,Comparative Study; Journal Article; Randomized Controlled Trial,eng,meta,2026-09-29T19:20:46+02:00,escluso,"E2-manca-FDI-o-FCM: RCT FCM vs ferro solfato orale in gravidanza (FER-ASAP), nessun braccio FDI ‖ B: E2-manca-FDI-o-FCM: RCT FCM vs ferro solfato orale in gravidanza (FER-ASAP), nessun braccio FDI",,
27321965,10.1053/j.ajkd.2016.04.018,,Intravenous Versus Oral Iron Supplementation for the Treatment of Anemia in CKD: An Updated Systematic Review and Meta-analysis.,"Shepshelovich D, et al.",2016,Am J Kidney Dis,Comparative Study; Journal Article; Meta-Analysis; Systematic Review,eng,meta,2026-09-29T19:20:46+02:00,escluso,E3-non-primario: revisione sistematica e meta-analisi ferro EV vs orale nella CKD ‖ B: E3-non-primario: revisione sistematica e meta-analisi ferro EV vs orale nella CKD,,
27455240,10.3390/ijms17071185,PMC4964554,Assessment of Dextran Antigenicity of Intravenous Iron Preparations with Enzyme-Linked Immunosorbent Assay (ELISA).,"Neiser S, et al.",2016,Int J Mol Sci,Journal Article,eng,meta,2026-09-29T16:55:46+02:00,escluso,"E4-non-umano: saggio ELISA sull'antigenicità, in vitro ‖ B: E4-non-umano: saggio ELISA di antigenicità del destrano in vitro",,
27557350,10.1097/MNH.0000000000000263,PMC5054948,Safety of intravenous iron use in chronic kidney disease.,"Kalra PA, Bhandari S",2016,Curr Opin Nephrol Hypertens,Journal Article; Review,eng,meta,2026-09-29T19:20:46+02:00,escluso,E3-non-primario: review narrativa sulla sicurezza del ferro EV nella CKD ‖ B: E3-non-primario: review narrativa sulla sicurezza del ferro EV nella CKD,,
27570088,10.1016/S2352-3026(16)30078-3,,"Intravenous ferric carboxymaltose versus standard care in the management of postoperative anaemia: a prospective, open-label, randomised controlled trial.","Khalafallah AA, et al.",2016,Lancet Haematol,Journal Article; Multicenter Study; Randomized Controlled Trial,eng,meta,2026-09-29T19:20:46+02:00,escluso,"E2-manca-FDI-o-FCM: RCT FCM vs standard care nell'anemia postoperatoria, nessun braccio FDI ‖ B: E2-manca-FDI-o-FCM: RCT FCM vs standard care nell'anemia postoperatoria, nessun braccio FDI",,
27852236,10.1186/s12882-016-0391-7,PMC5112660,Effects of intravenous iron on fibroblast growth factor 23 (FGF23) in haemodialysis patients: a randomized controlled trial.,"Roberts MA, et al.",2016,BMC Nephrol,Journal Article; Randomized Controlled Trial,eng,meta,2026-09-29T19:20:46+02:00,escluso,"E2-manca-FDI-o-FCM: RCT FCM vs iron sucrose in emodialisi, nessun braccio FDI ‖ B: E2-manca-FDI-o-FCM: RCT FCM vs iron sucrose in emodialisi, nessun braccio FDI",,
27859495,10.1111/bcp.13189,PMC5401972,Drug-specific hypophosphatemia and hypersensitivity reactions following different intravenous iron infusions.,"Bager P, Hvas CL, Dahlerup JF",2017,Br J Clin Pharmacol,Comparative Study; Journal Article,eng,meta,2026-09-29T16:55:46+02:00,escluso,"E1-non-randomizzato: dati di 231 pazienti ambulatoriali con switch di reparto FCM/ISM, studio osservazionale ‖ B: E1-non-randomizzato: dati su 231 pazienti ambulatoriali, reparto passato da FCM a ISM e ritorno, studio osservazionale",,
27889746,10.1159/000451060,,Distinct in vitro Complement Activation by Various Intravenous Iron Preparations.,"Hempel JC, et al.",2017,Am J Nephrol,Journal Article,eng,meta,2026-09-29T16:55:46+02:00,escluso,E4-non-umano: studio in vitro/ex vivo di attivazione del complemento ‖ B: E4-non-umano: saggi in vitro ed ex vivo di attivazione del complemento,,
27907058,10.1371/journal.pone.0167146,PMC5131956,Choice of High-Dose Intravenous Iron Preparation Determines Hypophosphatemia Risk.,"Schaefer B, et al.",2016,PLoS One,Journal Article,eng,meta,2026-09-29T16:55:46+02:00,escluso,"E1-non-randomizzato: coorte retrospettiva da cartelle cliniche FCM vs IIM ‖ B: E1-non-randomizzato: coorte retrospettiva su cartelle cliniche, FCM vs IIM",,
28002754,10.1016/j.biomaterials.2016.11.025,,"Iron nanomedicines induce Toll-like receptor activation, cytokine production and complement activation.","Verhoef JJF, et al.",2017,Biomaterials,"Journal Article; Research Support, Non-U.S. Gov't",eng,meta,2026-09-29T16:55:46+02:00,escluso,"E4-non-umano: studio in vitro su recettori Toll-like e complemento ‖ B: E4-non-umano: studio in vitro su TLR, complemento e PBMC",,
28010050,10.1111/vox.12475,,Single-dose intravenous iron infusion versus red blood cell transfusion for the treatment of severe postpartum anaemia: a randomized controlled pilot study.,"Holm C, et al.",2017,Vox Sang,Journal Article; Randomized Controlled Trial,eng,meta,2026-09-29T19:20:46+02:00,escluso,"E2-manca-FDI-o-FCM: RCT pilota iron isomaltoside vs trasfusione di emazie nel postpartum, nessun braccio FCM ‖ B: E2-manca-FDI-o-FCM: RCT pilota iron isomaltoside vs trasfusione di emazie nel postpartum, nessun braccio FCM",,
28052413,10.1002/ajh.24633,PMC5363238,A randomized trial of iron isomaltoside versus iron sucrose in patients with iron deficiency anemia.,"Derman R, et al.",2017,Am J Hematol,Comparative Study; Journal Article; Multicenter Study; Randomized Controlled Trial,eng,meta,2026-09-29T19:20:46+02:00,escluso,"E2-manca-FDI-o-FCM: RCT iron isomaltoside vs iron sucrose, nessun braccio FCM ‖ B: E2-manca-FDI-o-FCM: RCT iron isomaltoside vs iron sucrose, nessun braccio FCM",,
28092401,10.1002/bjs.10328,,Randomized clinical trial of preoperative oral versus intravenous iron in anaemic patients with colorectal cancer.,"Keeler BD, et al.",2017,Br J Surg,Comparative Study; Journal Article; Multicenter Study; Randomized Controlled Trial,eng,meta,2026-09-29T19:20:46+02:00,escluso,"E2-manca-FDI-o-FCM: RCT FCM vs ferro solfato orale nel cancro colorettale, nessun braccio FDI ‖ B: E2-manca-FDI-o-FCM: RCT FCM vs ferro solfato orale nel cancro colorettale, nessun braccio FDI",,
28198084,10.1111/vox.12477,,Single-dose intravenous iron infusion or oral iron for treatment of fatigue after postpartum haemorrhage: a randomized controlled trial.,"Holm C, et al.",2017,Vox Sang,Journal Article; Randomized Controlled Trial,eng,meta,2026-09-29T19:20:46+02:00,escluso,"E2-manca-FDI-o-FCM: RCT iron isomaltoside vs ferro orale dopo emorragia postpartum, nessun braccio FCM ‖ B: E2-manca-FDI-o-FCM: RCT iron isomaltoside vs ferro orale dopo emorragia postpartum, nessun braccio FCM",,
28326596,10.1111/apt.14043,,Systematic review with network meta-analysis: comparative efficacy and tolerability of different intravenous iron formulations for the treatment of iron deficiency anaemia in patients with inflammatory bowel disease.,"Aksan A, et al.",2017,Aliment Pharmacol Ther,Journal Article; Systematic Review; Network Meta-Analysis,eng,meta,2026-09-29T16:55:46+02:00,escluso,E3-non-primario: revisione sistematica con network meta-analisi ‖ B: E3-non-primario: revisione sistematica con network meta-analisi (da annotare in fonti-di-riferimenti),,
28339831,10.1093/ndt/gfw264,PMC5837517,Safety of intravenous ferric carboxymaltose versus oral iron in patients with nondialysis-dependent CKD: an analysis of the 1-year FIND-CKD trial.,"Roger SD, et al.",2017,Nephrol Dial Transplant,Journal Article; Multicenter Study; Randomized Controlled Trial,eng,meta,2026-09-29T19:20:46+02:00,escluso,"E2-manca-FDI-o-FCM: analisi post-hoc di FIND-CKD, FCM vs ferro orale, nessun braccio FDI ‖ B: E2-manca-FDI-o-FCM: analisi post-hoc di FIND-CKD, FCM vs ferro orale, nessun braccio FDI",,
28371203,10.1111/hdi.12560,,"The available intravenous iron formulations: History, efficacy, and toxicology.","Auerbach M, Macdougall I",2017,Hemodial Int,Journal Article; Review,eng,meta,2026-09-29T16:55:46+02:00,escluso,E3-non-primario: review narrativa sulle formulazioni di ferro EV ‖ B: E3-non-primario: review narrativa,,
28436136,10.1002/ejhf.823,,Effects of ferric carboxymaltose on hospitalisations and mortality rates in iron-deficient heart failure patients: an individual patient data meta-analysis.,"Anker SD, et al.",2018,Eur J Heart Fail,"Journal Article; Meta-Analysis; Research Support, Non-U.S. Gov't; Review",eng,meta,2026-09-29T19:20:46+02:00,escluso,E3-non-primario: meta-analisi IPD di RCT FCM vs placebo nello scompenso cardiaco ‖ B: E3-non-primario: meta-analisi di dati individuali di RCT FCM vs placebo nello scompenso,,
28482869,10.1186/s12884-017-1313-9,PMC5422878,Intravenous iron sucrose v/s oral ferrous fumarate for treatment of anemia in pregnancy. A randomized controlled trial.,"Bhavi SB, Jaju PB",2017,BMC Pregnancy Childbirth,Journal Article; Randomized Controlled Trial,eng,meta,2026-09-29T19:20:46+02:00,escluso,"E2-manca-FDI-o-FCM: RCT iron sucrose vs ferro fumarato orale in gravidanza, né FDI né FCM ‖ B: E2-manca-FDI-o-FCM: RCT iron sucrose vs ferro fumarato orale in gravidanza, né FDI né FCM",,
28487769,10.1155/2017/9642027,PMC5406716,Ferric Carboxymaltose as Treatment in Women with Iron-Deficiency Anemia.,"Seid MH, Butcher AD, Chatwani A",2017,Anemia,Journal Article,eng,meta,2026-09-29T19:20:46+02:00,escluso,"E2-manca-FDI-o-FCM: RCT FCM vs standard medical care in donne con IDA, nessun braccio FDI ‖ B: E2-manca-FDI-o-FCM: RCT FCM vs standard medical care in postpartum e menorragia, nessun braccio FDI",,
28535237,10.1001/jama.2017.5703,PMC5815040,Effect of Intravenous Ferric Carboxymaltose on Hemoglobin Response Among Patients With Acute Isovolemic Anemia Following Gastrectomy: The FAIRY Randomized Clinical Trial.,"Kim YW, et al.",2017,JAMA,"Clinical Trial, Phase III; Journal Article; Multicenter Study; Randomized Controlled Trial",eng,meta,2026-09-29T19:20:46+02:00,escluso,"E2-manca-FDI-o-FCM: RCT FAIRY, FCM vs placebo dopo gastrectomia, nessun braccio FDI ‖ B: E2-manca-FDI-o-FCM: RCT FAIRY FCM vs placebo dopo gastrectomia, nessun braccio FDI",,
28701470,10.1161/CIRCULATIONAHA.117.027497,PMC5642327,Effect of Ferric Carboxymaltose on Exercise Capacity in Patients With Chronic Heart Failure and Iron Deficiency.,"van Veldhuisen DJ, et al.",2017,Circulation,Clinical Trial; Journal Article; Multicenter Study,eng,meta,2026-09-29T19:20:46+02:00,escluso,"E2-manca-FDI-o-FCM: RCT FCM vs standard of care nello scompenso cardiaco, nessun braccio FDI ‖ B: E2-manca-FDI-o-FCM: RCT FCM vs standard of care nello scompenso cardiaco, nessun braccio FDI",,
28814833,10.2147/DDDT.S132612,PMC5546731,Markers of oxidative/nitrosative stress and inflammation in lung tissue of rats exposed to different intravenous iron compounds.,"Toblli JE, et al.",2017,Drug Des Devel Ther,Journal Article,eng,meta,2026-09-29T16:55:46+02:00,escluso,E4-non-umano: studio nel ratto ‖ B: E4-non-umano: studio su ratti,,
28848355,10.2147/CEOR.S139525,PMC5557122,A budget impact analysis of parenteral iron treatments for iron deficiency anemia in the UK: reduced resource utilization with iron isomaltoside 1000.,"Pollock RF, Muduma G",2017,Clinicoecon Outcomes Res,Journal Article,eng,meta,2026-09-29T16:55:46+02:00,escluso,"E1-non-randomizzato: modello di budget impact, nessun RCT proprio ‖ B: E4-non-umano: modello di budget impact, nessun dato di RCT originale",,
28921558,10.1111/ajo.12695,,"Safety and efficacy of intravenous iron polymaltose, iron sucrose and ferric carboxymaltose in pregnancy: A systematic review.","Qassim A, et al.",2018,Aust N Z J Obstet Gynaecol,Journal Article; Systematic Review,eng,meta,2026-09-29T19:20:46+02:00,escluso,"E3-non-primario: revisione sistematica su iron polymaltose, iron sucrose e FCM in gravidanza ‖ B: E3-non-primario: revisione sistematica di ferro EV in gravidanza",,
29032713,10.1080/17425247.2017.1393412,,Intravenous iron treatments for iron deficiency anemia in inflammatory bowel disease: a budget impact analysis of iron isomaltoside 1000 (Monofer) in the UK.,"Pollock RF, Muduma G",2017,Expert Opin Drug Deliv,Journal Article,eng,meta,2026-09-29T16:55:46+02:00,escluso,"E1-non-randomizzato: modello di budget impact, nessun RCT proprio ‖ B: E4-non-umano: modello di budget impact, nessun dato di RCT originale",,
29261547,10.1213/ANE.0000000000002591,,Intravenous Iron for Treatment of Anemia in the 3 Perisurgical Phases: A Review and Analysis of the Current Literature.,"Peters F, Ellermann I, Steinbicker AU",2018,Anesth Analg,"Journal Article; Meta-Analysis; Research Support, Non-U.S. Gov't; Review",eng,meta,2026-09-29T19:20:46+02:00,escluso,E3-non-primario: review narrativa con meta-analisi sul ferro EV perioperatorio ‖ B: E3-non-primario: review narrativa con meta-analisi del ferro EV perioperatorio,,
29417614,10.1002/ajh.25060,PMC5947731,Comparative safety of intravenous ferumoxytol versus ferric carboxymaltose in iron deficiency anemia: A randomized trial.,"Adkinson NF, et al.",2018,Am J Hematol,"Clinical Trial, Phase III; Comparative Study; Journal Article; Multicenter Study; Randomized Controlled Trial; Research Support, Non-U.S. Gov't",eng,meta,2026-09-29T19:20:46+02:00,escluso,"E2-manca-FDI-o-FCM: RCT ferumoxytol vs FCM, nessun braccio FDI ‖ B: E2-manca-FDI-o-FCM: RCT ferumoxytol vs FCM, nessun braccio FDI",,
29424441,10.1111/trf.14521,,Intravenous iron isomaltoside improves hemoglobin concentration and iron stores in female iron-deficient blood donors: a randomized double-blind placebo-controlled clinical trial.,"Gybel-Brask M, et al.",2018,Transfusion,"Comparative Study; Journal Article; Randomized Controlled Trial; Research Support, Non-U.S. Gov't",eng,meta,2026-09-29T19:20:46+02:00,escluso,"E2-manca-FDI-o-FCM: RCT iron isomaltoside vs placebo in donatrici di sangue, nessun braccio FCM ‖ B: E2-manca-FDI-o-FCM: RCT iron isomaltoside vs placebo in donatrici di sangue, nessun braccio FCM",,
29463597,10.2215/CJN.05390517,PMC5967668,Safety of Intravenous Iron in Dialysis: A Systematic Review and Meta-Analysis.,"Hougen I, et al.",2018,Clin J Am Soc Nephrol,"Comparative Study; Journal Article; Meta-Analysis; Research Support, Non-U.S. Gov't; Systematic Review",eng,meta,2026-09-29T19:20:46+02:00,escluso,E3-non-primario: revisione sistematica e meta-analisi sulla sicurezza del ferro EV in dialisi ‖ B: E3-non-primario: revisione sistematica e meta-analisi sulla sicurezza del ferro EV in dialisi,,
29703633,10.1053/j.jrn.2017.12.009,,Oral Versus Intravenous Iron Supplementation for the Treatment of Iron Deficiency Anemia in Patients on Maintenance Hemodialysis-Effect on Fibroblast Growth Factor-23 Metabolism.,"Fukao W, et al.",2018,J Ren Nutr,Comparative Study; Journal Article; Randomized Controlled Trial,eng,meta,2026-09-29T19:20:46+02:00,escluso,"E2-manca-FDI-o-FCM: RCT sodium ferrous citrate orale vs saccharated ferric oxide EV in emodialisi, né FDI né FCM ‖ B: E2-manca-FDI-o-FCM: RCT ferro orale vs saccharated ferric oxide EV in emodialisi, né FDI né FCM",,
30039442,10.1007/s12185-018-2501-8,,"Comparison of efficacy and safety between intravenous ferric carboxymaltose and saccharated ferric oxide in Japanese patients with iron-deficiency anemia due to hypermenorrhea: a multi-center, randomized, open-label noninferiority study.","Ikuta K, et al.",2019,Int J Hematol,Comparative Study; Journal Article; Multicenter Study; Randomized Controlled Trial; Equivalence Trial,eng,meta,2026-09-29T19:20:46+02:00,escluso,"E2-manca-FDI-o-FCM: RCT FCM vs saccharated ferric oxide in donne giapponesi con ipermenorrea, nessun braccio FDI ‖ B: E2-manca-FDI-o-FCM: RCT FCM vs saccharated ferric oxide in donne giapponesi, nessun braccio FDI",,
30107449,10.1093/icvts/ivy226,,Intravenous iron does not effectively correct preoperative anaemia in cardiac surgery: a pilot randomized controlled trial.,"Padmanabhan H, et al.",2019,Interact Cardiovasc Thorac Surg,"Journal Article; Randomized Controlled Trial; Research Support, Non-U.S. Gov't",eng,meta,2026-09-29T19:20:46+02:00,escluso,"E2-manca-FDI-o-FCM: RCT pilota FCM vs ferro orale in cardiochirurgia, nessun braccio FDI ‖ B: E2-manca-FDI-o-FCM: RCT pilota FCM vs ferro orale in cardiochirurgia, nessun braccio FDI",,
30121943,10.1055/s-0038-1668555,,Treatment of Iron Deficiency Anemia in Pregnancy with Intravenous versus Oral Iron: Systematic Review and Meta-Analysis.,"Govindappagari S, Burwick RM",2019,Am J Perinatol,Comparative Study; Journal Article; Meta-Analysis; Systematic Review,eng,meta,2026-09-29T19:20:46+02:00,escluso,E3-non-primario: revisione sistematica e meta-analisi ferro EV vs orale in gravidanza ‖ B: E3-non-primario: revisione sistematica e meta-analisi ferro EV vs orale in gravidanza,,
30153811,10.1186/s12884-018-1817-y,PMC6114186,Efficacy and safety of ferric carboxymaltose versus ferrous sulfate for iron deficiency anemia during pregnancy: subgroup analysis of Korean women.,"Shim JY, et al.",2018,BMC Pregnancy Childbirth,Journal Article,eng,meta,2026-09-29T19:20:46+02:00,escluso,"E2-manca-FDI-o-FCM: post-hoc sottogruppo coreano di FER-ASAP, RCT FCM vs ferrous sulfate orale in gravidanza, nessun braccio FDI ‖ B: E2-manca-FDI-o-FCM: sottoanalisi coreana di FER-ASAP, RCT FCM vs ferrous sulfate orale, nessun braccio FDI",,
30188740,10.1080/17474086.2018.1518712,,Ferumoxytol for the treatment of iron deficiency anemia.,"Auerbach M, Chertow GM, Rosner M",2018,Expert Rev Hematol,Journal Article; Review,eng,meta,2026-09-29T16:55:46+02:00,escluso,E3-non-primario: review su ferumoxytol ‖ B: E3-non-primario: review su ferumoxytol,,
30365356,10.1056/NEJMoa1810742,,Intravenous Iron in Patients Undergoing Maintenance Hemodialysis.,"Macdougall IC, et al.",2019,N Engl J Med,"Equivalence Trial; Journal Article; Multicenter Study; Randomized Controlled Trial; Research Support, Non-U.S. Gov't",eng,meta,2026-09-29T19:20:46+02:00,escluso,"E2-manca-FDI-o-FCM: PIVOTAL, RCT iron sucrose ad alta dose vs bassa dose in emodialisi, né FDI né FCM ‖ B: E2-manca-FDI-o-FCM: PIVOTAL, RCT iron sucrose ad alta vs bassa dose in emodialisi, né FDI né FCM",,
30393904,10.1111/bcp.13805,PMC6339965,"Comparison of hypersensitivity reactions of intravenous iron: iron isomaltoside-1000 (Monofer® ) versus ferric carboxy-maltose (Ferinject® ). A single center, cohort study.","Mulder MB, et al.",2019,Br J Clin Pharmacol,Comparative Study; Journal Article,eng,meta,2026-09-29T16:55:46+02:00,escluso,E1-non-randomizzato: coorte monocentrica FDI vs FCM ‖ B: E1-non-randomizzato: coorte monocentrica FDI vs FCM,,
30456520,10.1007/s12325-018-0827-5,,An Economic Evaluation of Iron Isomaltoside 1000 Versus Ferric Carboxymaltose in Patients with Inflammatory Bowel Disease and Iron Deficiency Anemia in Denmark.,"Pollock RF, Muduma G",2018,Adv Ther,"Comparative Study; Journal Article; Research Support, Non-U.S. Gov't",eng,meta,2026-09-29T16:55:46+02:00,escluso,"E1-non-randomizzato: valutazione economica basata su modello ‖ B: E4-non-umano: valutazione economica basata su modello, nessun dato di RCT originale",,
30518682,10.1172/jci.insight.124486,PMC6328019,Randomized trial of intravenous iron-induced hypophosphatemia.,"Wolf M, et al.",2018,JCI Insight,"Journal Article; Randomized Controlled Trial; Research Support, Non-U.S. Gov't",eng,meta,2026-09-29T19:20:46+02:00,escluso,"E2-manca-FDI-o-FCM: RCT FCM vs ferumoxytol, nessun braccio FDI ‖ B: E2-manca-FDI-o-FCM: RCT FCM vs ferumoxytol, nessun braccio FDI",,
30535629,10.1007/s40264-018-0769-5,PMC6426989,Evaluation of the Reported Rates of Severe Hypersensitivity Reactions Associated with Ferric Carboxymaltose and Iron (III) Isomaltoside 1000 in Europe Based on Data from EudraVigilance and VigiBase™ between 2014 and 2017.,"Ehlken B, et al.",2019,Drug Saf,"Journal Article; Research Support, Non-U.S. Gov't",eng,meta,2026-09-29T16:55:46+02:00,escluso,E1-non-randomizzato: analisi di database EudraVigilance/VigiBase ‖ B: E1-non-randomizzato: analisi di database EudraVigilance/VigiBase,,
30578747,10.1016/j.ajog.2018.12.016,PMC7060493,Oral vs intravenous iron therapy for postpartum anemia: a systematic review and meta-analysis.,"Sultan P, et al.",2019,Am J Obstet Gynecol,"Journal Article; Research Support, N.I.H., Extramural; Systematic Review",eng,meta,2026-09-29T19:20:46+02:00,escluso,E3-non-primario: revisione sistematica e meta-analisi ferro orale vs EV nell'anemia postpartum ‖ B: E3-non-primario: revisione sistematica e meta-analisi ferro orale vs EV nell'anemia postpartum,,
30689458,10.1080/17474086.2019.1575202,,A systematic literature review and indirect comparison of iron isomaltoside and ferric carboxymaltose in iron deficiency anemia after failure or intolerance of oral iron treatment.,"Pollock RF, Muduma G",2019,Expert Rev Hematol,"Comparative Study; Journal Article; Research Support, Non-U.S. Gov't; Systematic Review",eng,meta,2026-09-29T16:55:46+02:00,escluso,"E3-non-primario: revisione sistematica con confronto indiretto, nessun RCT FDI vs FCM identificato ‖ B: E3-non-primario: revisione sistematica con confronto indiretto; dichiara nessun RCT completato FDI vs FCM (da annotare in fonti-di-riferimenti)",,
30692612,10.1038/s41372-019-0320-2,,Intravenous compared with oral iron for the treatment of iron-deficiency anemia in pregnancy: a systematic review and meta-analysis.,"Lewkowitz AK, et al.",2019,J Perinatol,"Comparative Study; Journal Article; Meta-Analysis; Research Support, N.I.H., Extramural; Systematic Review",eng,meta,2026-09-29T19:20:46+02:00,escluso,E3-non-primario: revisione sistematica e meta-analisi ferro EV vs orale in gravidanza ‖ B: E3-non-primario: revisione sistematica e meta-analisi ferro EV vs orale in gravidanza,,
30694615,10.1002/ehf2.12400,PMC6437426,Differences between intravenous iron products: focus on treatment of iron deficiency in chronic heart failure patients.,"Martin-Malo A, et al.",2019,ESC Heart Fail,"Journal Article; Research Support, Non-U.S. Gov't; Review",eng,meta,2026-09-29T19:20:46+02:00,escluso,E3-non-primario: review narrativa sulle differenze fra prodotti di ferro EV nello scompenso cardiaco ‖ B: E3-non-primario: review narrativa sulle differenze fra prodotti di ferro EV nello scompenso cardiaco,,
30717690,10.1186/s12884-019-2200-3,PMC6360702,Comparison of ferric Carboxymaltose and iron sucrose complex for treatment of iron deficiency anemia in pregnancy- randomised controlled trial.,"Jose A, et al.",2019,BMC Pregnancy Childbirth,Journal Article; Randomized Controlled Trial,eng,meta,2026-09-29T19:20:46+02:00,escluso,"E2-manca-FDI-o-FCM: RCT FCM vs iron sucrose in gravidanza, nessun braccio FDI ‖ B: E2-manca-FDI-o-FCM: RCT FCM vs iron sucrose in gravidanza, nessun braccio FDI",,
30776909,10.1161/CIRCULATIONAHA.118.038516,,Effect of Iron Isomaltoside on Skeletal Muscle Energetics in Patients With Chronic Heart Failure and Iron Deficiency.,"Charles-Edwards G, et al.",2019,Circulation,"Journal Article; Randomized Controlled Trial; Research Support, Non-U.S. Gov't",eng,meta,2026-09-29T19:20:46+02:00,escluso,"E2-manca-FDI-o-FCM: RCT iron isomaltoside vs placebo salino nello scompenso cardiaco, nessun braccio FCM ‖ B: E2-manca-FDI-o-FCM: RCT iron isomaltoside vs placebo salino nello scompenso cardiaco, nessun braccio FCM",,
30790278,10.1002/14651858.CD007857.pub3,PMC6384096,Parenteral versus oral iron therapy for adults and children with chronic kidney disease.,"O'Lone EL, et al.",2019,Cochrane Database Syst Rev,Journal Article; Meta-Analysis; Systematic Review,eng,meta,2026-09-29T19:20:46+02:00,escluso,E3-non-primario: revisione sistematica Cochrane ferro parenterale vs orale nella CKD ‖ B: E3-non-primario: revisione sistematica Cochrane ferro parenterale vs orale nella CKD,,
30930140,10.1053/j.jvca.2019.01.063,,"Intravenous Iron Versus Placebo in the Management of Postoperative Functional Iron Deficiency Anemia in Patients Undergoing Cardiac Valvular Surgery: A Prospective, Single-Blinded, Randomized Controlled Trial.","Xu H, et al.",2019,J Cardiothorac Vasc Anesth,Journal Article; Randomized Controlled Trial,eng,meta,2026-09-29T19:20:46+02:00,escluso,"E2-manca-FDI-o-FCM: RCT ferro EV (unico braccio) vs placebo dopo chirurgia valvolare, nessun confronto FDI vs FCM ‖ B: E2-manca-FDI-o-FCM: RCT ferro EV vs placebo dopo chirurgia valvolare, un solo braccio di ferro EV contro placebo",,
30932300,10.1111/jog.13893,,"Comparative efficacy and safety of intravenous ferric carboxymaltose and iron sucrose for the treatment of preoperative anemia in patients with menorrhagia: An open-label, multicenter, randomized study.","Lee S, et al.",2019,J Obstet Gynaecol Res,Comparative Study; Journal Article; Multicenter Study; Randomized Controlled Trial,eng,meta,2026-09-29T19:20:46+02:00,escluso,"E2-manca-FDI-o-FCM: RCT FCM vs iron sucrose nell'anemia preoperatoria da menorragia, nessun braccio FDI ‖ B: E2-manca-FDI-o-FCM: RCT FCM vs iron sucrose nella menorragia, nessun braccio FDI",,
30937851,10.1007/s40264-019-00815-4,PMC6475511,"Authors' reply to Schaffalitzky de Muckadell and colleague's Comment on ""Evaluation of the Reported Rates of Severe Hypersensitivity Reactions Associated with Ferric Carboxymaltose and Iron (III) Isomaltoside 1000 in Europe Based on Data from EudraVigilance and VigiBase™ between 2014 and 2017"".","Ehlken B, et al.",2019,Drug Saf,"Letter; Research Support, Non-U.S. Gov't; Comment",eng,meta,2026-09-29T16:55:46+02:00,escluso,"E3-non-primario: lettera di risposta a commento, senza dati propri ‖ B: E3-non-primario: lettera di risposta senza dati propri, senza abstract",,
30937852,10.1007/s40264-019-00814-5,PMC6475518,Comment on 'Evaluation of the Reported Rates of Severe Hypersensitivity Reactions Associated with Ferric Carboxymaltose and Iron(III) Isomaltoside 1000 in Europe Based on Data from EudraVigilance and VigiBase™ Between 2014 and 2017'.,"Schaffalitzky de Muckadell P, Strom CC",2019,Drug Saf,"Letter; Research Support, Non-U.S. Gov't; Comment",eng,meta,2026-09-29T16:55:46+02:00,escluso,"E3-non-primario: commento senza dati propri ‖ B: E3-non-primario: commento a uno studio di database, senza dati propri",,
30963552,10.1111/anae.14659,,The impact of pre-operative intravenous iron on quality of life after colorectal cancer surgery: outcomes from the intravenous iron in colorectal cancer-associated anaemia (IVICA) trial.,"Keeler BD, et al.",2019,Anaesthesia,Journal Article; Multicenter Study; Randomized Controlled Trial,eng,meta,2026-09-29T19:20:46+02:00,escluso,"E2-manca-FDI-o-FCM: IVICA, RCT FCM vs ferrous sulphate orale nel cancro colorettale, nessun braccio FDI ‖ B: E2-manca-FDI-o-FCM: follow-up del trial IVICA, FCM vs ferrous sulphate orale, nessun braccio FDI",,
30981629,10.1016/j.clnu.2019.03.025,,"High-dose intravenous versus oral iron in blood donors with iron deficiency: The IronWoMan randomized, controlled clinical trial.","Drexler C, et al.",2020,Clin Nutr,"Comparative Study; Journal Article; Randomized Controlled Trial; Research Support, Non-U.S. Gov't",eng,meta,2026-09-29T19:20:46+02:00,escluso,"E2-manca-FDI-o-FCM: IronWoMan, RCT FCM vs ferro fumarato orale nei donatori, nessun braccio FDI ‖ B: E2-manca-FDI-o-FCM: RCT IronWoMan, FCM vs ferro fumarato orale nei donatori, nessun braccio FDI",,
31036337,10.1016/S0140-6736(18)32555-8,,Effect of ultra-short-term treatment of patients with iron deficiency or anaemia undergoing cardiac surgery: a prospective randomised trial.,"Spahn DR, et al.",2019,Lancet,"Journal Article; Randomized Controlled Trial; Research Support, Non-U.S. Gov't",eng,meta,2026-09-29T19:20:46+02:00,escluso,"E2-manca-FDI-o-FCM: RCT combinazione FCM+EPO+B12+folati vs placebo in cardiochirurgia, nessun braccio FDI ‖ B: E2-manca-FDI-o-FCM: RCT combinazione FCM+EPO+B12+folati vs placebo in cardiochirurgia, nessun braccio FDI",,
31127269,10.1093/ageing/afz049,,The effect of intravenous iron on erythropoiesis in older people with hip fracture.,"Moppett IK, et al.",2019,Age Ageing,"Journal Article; Multicenter Study; Randomized Controlled Trial; Research Support, Non-U.S. Gov't",eng,meta,2026-09-29T19:20:46+02:00,escluso,"E2-manca-FDI-o-FCM: RCT iron sucrose vs controllo nella frattura di femore, né FDI né FCM ‖ B: E2-manca-FDI-o-FCM: RCT iron sucrose vs controllo nella frattura di femore, né FDI né FCM",,
31154627,10.1007/s12325-019-00990-x,PMC6822858,Letter: An Economic Evaluation of Iron Isomaltoside 1000 Versus Ferric Carboxymaltose in Patients with Inflammatory Bowel Disease and Iron Deficiency Anemia in Denmark.,"Aksan A, Dignass A, Stein J",2019,Adv Ther,Letter; Comment,eng,meta,2026-09-29T16:55:46+02:00,escluso,E3-non-primario: lettera di commento a valutazione economica ‖ B: E3-non-primario: lettera di commento a una valutazione economica,,
31154628,10.1007/s12325-019-00993-8,PMC6822855,Response: An Economic Evaluation of Iron Isomaltoside 1000 Versus Ferric Carboxymaltose in Patients with Inflammatory Bowel Disease and Iron Deficiency Anemia in Denmark.,"Pollock RF, Muduma G",2019,Adv Ther,Letter; Comment,eng,meta,2026-09-29T16:55:46+02:00,escluso,"E3-non-primario: risposta a lettera, senza dati propri ‖ B: E3-non-primario: risposta a lettera, valutazione economica",,
31243803,10.1002/ajh.25564,PMC6772897,"A prospective, multi-center, randomized comparison of iron isomaltoside 1000 versus iron sucrose in patients with iron deficiency anemia; the FERWON-IDA trial.","Auerbach M, et al.",2019,Am J Hematol,"Comparative Study; Journal Article; Multicenter Study; Randomized Controlled Trial; Research Support, Non-U.S. Gov't",eng,meta,2026-09-29T19:20:46+02:00,escluso,"E2-manca-FDI-o-FCM: FERWON-IDA, RCT iron isomaltoside 1000 vs iron sucrose, nessun braccio FCM ‖ B: E2-manca-FDI-o-FCM: FERWON-IDA, RCT iron isomaltoside 1000 vs iron sucrose, nessun braccio FCM",,
31264261,10.1111/apt.15386,,Incidence of hypophosphatemia in patients with inflammatory bowel disease treated with ferric carboxymaltose or iron isomaltoside.,"Detlie TE, et al.",2019,Aliment Pharmacol Ther,"Journal Article; Multicenter Study; Observational Study; Research Support, Non-U.S. Gov't",eng,meta,2026-09-29T16:55:46+02:00,escluso,"E1-non-randomizzato: studio osservazionale prospettico in IBD, FCM vs FDI non randomizzati ‖ B: E1-non-randomizzato: studio osservazionale prospettico in IBD, FCM vs FDI",,
31441077,10.5694/mja2.50308,,Intravenous or oral iron for treating iron deficiency anaemia during pregnancy: systematic review and meta-analysis.,"Qassim A, et al.",2019,Med J Aust,"Journal Article; Meta-Analysis; Research Support, Non-U.S. Gov't; Systematic Review",eng,meta,2026-09-29T19:20:46+02:00,escluso,E3-non-primario: revisione sistematica e meta-analisi ferro EV vs orale in gravidanza ‖ B: E3-non-primario: revisione sistematica e meta-analisi ferro EV vs orale in gravidanza,,
31561177,10.1016/j.jss.2019.08.023,,The Effect of Perioperative Intravenous Iron on Hemoglobin in Surgical Patients: A Meta-Analysis.,"Koo CH, et al.",2020,J Surg Res,Journal Article; Meta-Analysis; Systematic Review,eng,meta,2026-09-29T19:20:46+02:00,escluso,E3-non-primario: meta-analisi del FCM perioperatorio ‖ B: E3-non-primario: meta-analisi di RCT su FCM perioperatorio,,
31583644,10.1007/s40264-019-00868-5,PMC6965341,Reported Severe Hypersensitivity Reactions after Intravenous Iron Administration in the European Economic Area (EEA) Before and After Implementation of Risk Minimization Measures.,"Nathell L, Gohlke A, Wohlfeil S",2020,Drug Saf,"Journal Article; Research Support, Non-U.S. Gov't",eng,meta,2026-09-29T16:55:46+02:00,escluso,E1-non-randomizzato: analisi di database EudraVigilance ‖ B: E1-non-randomizzato: analisi di farmacovigilanza EudraVigilance,,
31614940,10.3390/jcm8101674,PMC6832232,The Effect of Intraoperative Ferric Carboxymaltose in Joint Arthroplasty Patients: A Randomized Trial.,"Park HS, et al.",2019,J Clin Med,Journal Article,eng,meta,2026-09-29T19:20:46+02:00,escluso,"E2-manca-FDI-o-FCM: RCT FCM intraoperatorio vs soluzione salina in artroplastica, nessun braccio FDI ‖ B: E2-manca-FDI-o-FCM: RCT FCM intraoperatorio vs soluzione salina nell'artroplastica, nessun braccio FDI",,
31708151,10.1016/S2214-109X(19)30427-9,,"Safety and effectiveness of intravenous iron sucrose versus standard oral iron therapy in pregnant women with moderate-to-severe anaemia in India: a multicentre, open-label, phase 3, randomised, controlled trial.","Neogi SB, et al.",2019,Lancet Glob Health,"Clinical Trial, Phase III; Journal Article; Multicenter Study; Randomized Controlled Trial; Research Support, Non-U.S. Gov't",eng,meta,2026-09-29T19:20:46+02:00,escluso,"E2-manca-FDI-o-FCM: RCT iron sucrose vs ferro orale in gravidanza, né FDI né FCM ‖ B: E2-manca-FDI-o-FCM: RCT iron sucrose vs ferro orale in gravidanza in India, né FDI né FCM",,
31928094,10.1080/17474086.2020.1709437,,"Indirect methods of comparison of the safety of ferric derisomaltose, iron sucrose and ferric carboxymaltose in the treatment of iron deficiency anemia.","Pollock RF, Biggar P",2020,Expert Rev Hematol,"Comparative Study; Journal Article; Research Support, Non-U.S. Gov't; Review; Video-Audio Media",eng,meta,2026-09-29T16:55:46+02:00,escluso,E3-non-primario: review con confronto indiretto di trial prospettici ‖ B: E3-non-primario: confronto indiretto/revisione di trial pubblicati (tipo Review),,
32016310,10.1001/jama.2019.22450,PMC7042864,Effects of Iron Isomaltoside vs Ferric Carboxymaltose on Hypophosphatemia in Iron-Deficiency Anemia: Two Randomized Clinical Trials.,"Wolf M, et al.",2020,JAMA,Comparative Study; Journal Article; Multicenter Study; Randomized Controlled Trial,eng,meta,2026-09-29T16:55:46+02:00,incluso,"due RCT open-label FDI (iron isomaltoside) vs FCM randomizzati, adulti con IDA ‖ B: due RCT open-label FDI vs FCM randomizzati, adulti con IDA",incluso,"decisione dell'utente (approvazione in blocco, 2026-09-29) — pubblicazione primaria dei due trial PHOSPHARE-IDA (JAMA 2020)"
32030608,10.1007/s12325-020-01241-0,PMC7089757,Development of a Resource Impact Model for Clinics Treating Pre-Operative Iron Deficiency Anemia in Ireland.,"Loughnane F, Muduma G, Pollock RF",2020,Adv Ther,"Journal Article; Research Support, Non-U.S. Gov't",eng,meta,2026-09-29T16:55:46+02:00,escluso,"E1-non-randomizzato: modello di impatto sulle risorse, nessun RCT ‖ B: E4-non-umano: modello di impatto sulle risorse, nessun dato di RCT originale",,
32049331,10.1093/ndt/gfaa011,PMC7771981,"Safety and efficacy of iron isomaltoside 1000/ferric derisomaltose versus iron sucrose in patients with chronic kidney disease: the FERWON-NEPHRO randomized, open-label, comparative trial.","Bhandari S, et al.",2021,Nephrol Dial Transplant,"Comparative Study; Journal Article; Multicenter Study; Randomized Controlled Trial; Research Support, Non-U.S. Gov't",eng,meta,2026-09-29T19:20:46+02:00,escluso,"E2-manca-FDI-o-FCM: FERWON-NEPHRO, RCT iron isomaltoside 1000/FDI vs iron sucrose, nessun braccio FCM ‖ B: E2-manca-FDI-o-FCM: FERWON-NEPHRO, RCT iron isomaltoside 1000/FDI vs iron sucrose, nessun braccio FCM",,
32067585,10.1161/JAHA.119.014254,PMC7070181,Noninvasive Imaging Estimation of Myocardial Iron Repletion Following Administration of Intravenous Iron: The Myocardial-IRON Trial.,"Núñez J, et al.",2020,J Am Heart Assoc,"Journal Article; Multicenter Study; Randomized Controlled Trial; Research Support, Non-U.S. Gov't",eng,meta,2026-09-29T19:20:46+02:00,escluso,"E2-manca-FDI-o-FCM: Myocardial-IRON, RCT FCM vs placebo nello scompenso, nessun braccio FDI ‖ B: E2-manca-FDI-o-FCM: Myocardial-IRON, RCT FCM vs placebo nello scompenso, nessun braccio FDI",,
32208038,10.1080/13696998.2020.1745535,,A patient-level cost-effectiveness analysis of iron isomaltoside versus ferric carboxymaltose for the treatment of iron deficiency anemia in the United Kingdom.,"Pollock RF, Muduma G",2020,J Med Econ,Journal Article,eng,meta,2026-09-29T16:55:46+02:00,escluso,"E1-non-randomizzato: analisi di costo-efficacia su modello ‖ B: E4-non-umano: analisi di costo-efficacia con simulazione, basata su confronto indiretto",,
32253271,10.1681/ASN.2019090972,PMC7217408,Intravenous Iron Dosing and Infection Risk in Patients on Hemodialysis: A Prespecified Secondary Analysis of the PIVOTAL Trial.,"Macdougall IC, et al.",2020,J Am Soc Nephrol,"Comparative Study; Journal Article; Randomized Controlled Trial; Research Support, Non-U.S. Gov't",eng,meta,2026-09-29T19:20:46+02:00,escluso,"E2-manca-FDI-o-FCM: analisi secondaria di PIVOTAL, iron sucrose alta vs bassa dose, né FDI né FCM ‖ B: E2-manca-FDI-o-FCM: analisi secondaria di PIVOTAL, iron sucrose alta vs bassa dose, né FDI né FCM",,
32308402,10.2147/TCRM.S243462,PMC7152545,Hypophosphatemia Associated with Intravenous Iron Therapies for Iron Deficiency Anemia: A Systematic Literature Review.,"Glaspy JA, et al.",2020,Ther Clin Risk Manag,Journal Article; Review,eng,meta,2026-09-29T19:20:46+02:00,escluso,E3-non-primario: revisione sistematica della letteratura sull'ipofosfatemia da ferro EV ‖ B: E3-non-primario: revisione sistematica della letteratura sull'ipofosfatemia da ferro EV,,
32392403,10.1002/ejhf.1838,,Improving exercise capacity and quality of life using non-invasive heart failure treatments: evidence from clinical trials.,"von Haehling S, et al.",2021,Eur J Heart Fail,"Journal Article; Research Support, Non-U.S. Gov't; Review",eng,meta,2026-09-29T19:20:46+02:00,escluso,E3-non-primario: review narrativa sui trattamenti non invasivi dello scompenso cardiaco ‖ B: E3-non-primario: review narrativa sui trattamenti non invasivi dello scompenso cardiaco,,
32444112,10.1016/j.mam.2020.100862,,Intravenous iron supplementation therapy.,"Schaefer B, et al.",2020,Mol Aspects Med,"Journal Article; Research Support, Non-U.S. Gov't; Review",eng,meta,2026-09-29T16:55:46+02:00,escluso,E3-non-primario: review sulla terapia marziale EV ‖ B: E3-non-primario: review narrativa,,
32479668,10.1111/trf.15837,PMC7384172,Clinical data for intravenous iron - debunking the hype around hypersensitivity.,"Achebe M, DeLoughery TG",2020,Transfusion,"Journal Article; Research Support, Non-U.S. Gov't; Review",eng,meta,2026-09-29T16:55:46+02:00,incluso,decisione dell'utente sul dubbio — dati di ipersensibilità da cinque RCT fra cui PHOSPHARE: verificare sul fulltext se riporta dati per braccio FDI vs FCM,escluso,"E3-non-primario: decisione dell'utente (approvazione in blocco, 2026-09-29) — rianalisi di dati di sicurezza già pubblicati da cinque RCT"
32518682,10.2144/fsoa-2019-0156,PMC7273388,Effect of ferric-carboxy maltose on oxygen kinetics and functional status in heart failure patients with iron deficiency.,"Dhoot S, et al.",2020,Future Sci OA,Journal Article,eng,meta,2026-09-29T19:20:46+02:00,escluso,"E2-manca-FDI-o-FCM: RCT FCM vs standard of care nello scompenso, nessun braccio FDI ‖ B: E2-manca-FDI-o-FCM: RCT FCM vs standard of care nello scompenso cardiaco, nessun braccio FDI",,
32542370,10.1093/ageing/afaa107,,Effect of intravenous iron on functional outcomes in hip fracture: a randomised controlled trial.,"Bielza R, et al.",2021,Age Ageing,Journal Article; Randomized Controlled Trial,eng,meta,2026-09-29T19:20:46+02:00,escluso,"E2-manca-FDI-o-FCM: RCT iron sucrose vs placebo nella frattura di femore ‖ B: E2-manca-FDI-o-FCM: RCT iron sucrose vs placebo nella frattura di femore, né FDI né FCM",,
32642775,10.1093/icvts/ivaa094,,Intravenous iron therapy for patients with preoperative iron deficiency or anaemia undergoing cardiac surgery reduces blood transfusions: a systematic review and meta-analysis.,"Gupta S, et al.",2020,Interact Cardiovasc Thorac Surg,Journal Article; Meta-Analysis; Systematic Review,eng,meta,2026-09-29T19:20:46+02:00,escluso,E3-non-primario: revisione sistematica e meta-analisi del ferro EV in cardiochirurgia ‖ B: E3-non-primario: revisione sistematica e meta-analisi del ferro EV in cardiochirurgia,,
32654663,10.1186/s12916-020-01643-5,PMC7359262,Hypophosphatemia after high-dose iron repletion with ferric carboxymaltose and ferric derisomaltose-the randomized controlled HOMe aFers study.,"Emrich IE, et al.",2020,BMC Med,"Journal Article; Randomized Controlled Trial; Research Support, Non-U.S. Gov't",eng,meta,2026-09-29T16:55:46+02:00,incluso,"RCT in doppio cieco HOMe aFers, donne adulte con IDA randomizzate a FCM o FDI ‖ B: RCT in doppio cieco HOMe aFers, donne con anemia sideropenica randomizzate a FCM o FDI",incluso,"decisione dell'utente (approvazione in blocco, 2026-09-29) — pubblicazione primaria di HOMe aFers"
32819760,10.1016/j.tmrv.2020.07.002,,Comparative Risk of Hypophosphatemia Following the Administration of Intravenous Iron Formulations: A Network Meta-Analysis.,"Bellos I, Frountzas M, Pergialiotis V",2020,Transfus Med Rev,Comparative Study; Journal Article; Systematic Review; Network Meta-Analysis,eng,meta,2026-09-29T16:55:46+02:00,escluso,E3-non-primario: network meta-analisi sul rischio di ipofosfatemia ‖ B: E3-non-primario: meta-analisi in rete sull'ipofosfatemia da ferro EV,,
32843079,10.1186/s13063-020-04637-z,PMC7448468,"Intravenous iron isomaltoside versus oral iron supplementation for treatment of iron deficiency in pregnancy: protocol for a randomised, comparative, open-label trial.","Markova V, et al.",2020,Trials,Clinical Trial Protocol; Journal Article,eng,meta,2026-09-29T19:20:46+02:00,escluso,"E2-manca-FDI-o-FCM: protocollo di RCT FDI vs ferro orale in gravidanza, nessun braccio FCM ‖ B: E2-manca-FDI-o-FCM: protocollo di RCT FDI (iron isomaltoside) vs ferro orale in gravidanza, nessun braccio FCM",,
32845453,10.1007/s11739-020-02478-x,,Ferric carboxymaltose for sub-acute and chronic iron deficiency anemia in inherited platelet function defects.,"Scaramellini N, et al.",2021,Intern Emerg Med,Case Reports; Letter,eng,meta,2026-09-29T16:55:46+02:00,escluso,"E1-non-randomizzato: case report di tre pazienti trattati con FCM, senza braccio FDI ‖ B: E1-non-randomizzato: case report di tre pazienti trattati con solo FCM",,
32918335,10.1002/ajh.25995,PMC8087186,A multicenter study evaluating the effectiveness and safety of single-dose low molecular weight iron dextran vs single-dose ferumoxytol for the treatment of iron deficiency.,"Cohen J, et al.",2020,Am J Hematol,"Clinical Trial; Comparative Study; Journal Article; Multicenter Study; Research Support, N.I.H., Extramural",eng,meta,2026-09-29T16:55:46+02:00,escluso,"E1-non-randomizzato: coorte multicentrica di ferro destrano a basso peso molecolare vs ferumoxytol, senza FDI né FCM ‖ B: E1-non-randomizzato: coorte multicentrica LMWID vs ferumoxytol, senza FDI né FCM",,
32985539,10.1038/s41598-020-72827-5,PMC7522208,A randomised trial evaluating the effect of intraoperative iron administration.,"Lee B, et al.",2020,Sci Rep,"Journal Article; Pragmatic Clinical Trial; Research Support, Non-U.S. Gov't",eng,meta,2026-09-29T19:20:46+02:00,escluso,"E2-manca-FDI-o-FCM: RCT FDI intraoperatorio vs soluzione salina, nessun braccio FCM ‖ B: E2-manca-FDI-o-FCM: RCT FDI intraoperatorio vs soluzione fisiologica, nessun braccio FCM",,
33027541,10.1002/ajh.26015,PMC7756775,Safety of ferric derisomaltose and iron sucrose in patients with iron deficiency anemia: The FERWON-IDA/NEPHRO trials.,"Wolf M, et al.",2021,Am J Hematol,Letter; Multicenter Study; Randomized Controlled Trial,eng,meta,2026-09-29T19:20:46+02:00,escluso,"E2-manca-FDI-o-FCM: lettera sui trial FERWON-IDA/NEPHRO, FDI vs iron sucrose secondo il titolo, nessun braccio FCM ‖ B: E2-manca-FDI-o-FCM: lettera sui trial FERWON-IDA/NEPHRO, FDI vs iron sucrose secondo il titolo, nessun braccio FCM",,
33054113,10.3324/haematol.2020.250803,PMC8561294,Intravenous iron preparations transiently generate non-transferrin-bound iron from two proposed pathways.,"Garbowski MW, et al.",2021,Haematologica,"Journal Article; Randomized Controlled Trial; Research Support, Non-U.S. Gov't",eng,wiki+meta,2026-09-20T12:22:28+02:00,incluso,"RCT PK/PD con bracci randomizzati FCM, iron sucrose, iron isomaltoside 1000 e placebo; popolazione ipoferremica non anemica da verificare in fase 2 ‖ B: RCT PK/PD con randomizzazione a FCM, iron sucrose, iron isomaltoside 1000 o placebo; da verificare in fase 2 la popolazione (ipoferremici non anemici, adulti)",incluso,"decisione dell'utente (2026-09-29) — età adulta verificata dall'utente sulla Table 1 (immagine su PMC8561294); RCT fase I a 4 bracci (FCM, IS, FDI, placebo), si usano i bracci FDI e FCM"
33188534,10.1111/bcp.14643,PMC8247006,Hypophosphataemia after treatment of iron deficiency with intravenous ferric carboxymaltose or iron isomaltoside-a systematic review and meta-analysis.,"Schaefer B, et al.",2021,Br J Clin Pharmacol,Journal Article; Meta-Analysis; Systematic Review,eng,meta,2026-09-29T16:55:46+02:00,escluso,E3-non-primario: revisione sistematica e meta-analisi sull'ipofosfatemia da FCM e iron isomaltoside ‖ B: E3-non-primario: revisione sistematica e meta-analisi sull'ipofosfatemia da FCM e iron isomaltoside,,
33197395,10.1016/S0140-6736(20)32339-4,,"Ferric carboxymaltose for iron deficiency at discharge after acute heart failure: a multicentre, double-blind, randomised, controlled trial.","Ponikowski P, et al.",2020,Lancet,"Journal Article; Multicenter Study; Randomized Controlled Trial; Research Support, Non-U.S. Gov't",eng,meta,2026-09-29T19:20:46+02:00,escluso,"E2-manca-FDI-o-FCM: AFFIRM-AHF, RCT FCM vs placebo ‖ B: E2-manca-FDI-o-FCM: AFFIRM-AHF, RCT FCM vs placebo, nessun braccio FDI",,
33216324,10.1007/s12325-020-01553-1,PMC7854431,Iron Formulations for the Treatment of Iron Deficiency Anemia in Patients with Inflammatory Bowel Disease: A Cost-Effectiveness Analysis in Switzerland.,"Aksan A, et al.",2021,Adv Ther,"Journal Article; Research Support, Non-U.S. Gov't",eng,meta,2026-09-29T16:55:46+02:00,escluso,"E1-non-randomizzato: modello di costo-efficacia basato su network meta-analisi, non è un RCT ‖ B: E3-non-primario: modello di costo-efficacia basato su una network meta-analysis, senza dati di RCT propri",,
33245866,10.1016/S2214-109X(20)30448-4,,"Efficacy and safety of intravenous ferric carboxymaltose compared with oral iron for the treatment of iron deficiency anaemia in women after childbirth in Tanzania: a parallel-group, open-label, randomised controlled phase 3 trial.","Vanobberghen F, et al.",2021,Lancet Glob Health,"Clinical Trial, Phase III; Comparative Study; Journal Article; Randomized Controlled Trial; Research Support, Non-U.S. Gov't",eng,meta,2026-09-29T19:20:46+02:00,escluso,"E2-manca-FDI-o-FCM: RCT FCM vs ferro orale nel post-partum in Tanzania ‖ B: E2-manca-FDI-o-FCM: RCT FCM vs ferro orale nel post-partum in Tanzania, nessun braccio FDI",,
33248279,10.1016/j.jaip.2020.11.028,,Safety of Intravenous Iron Following Infusion Reactions.,"Stojanovic S, et al.",2021,J Allergy Clin Immunol Pract,Journal Article,eng,meta,2026-09-29T16:55:46+02:00,escluso,E1-non-randomizzato: analisi retrospettiva di reazioni da infusione di ferro EV in un network ospedaliero ‖ B: E1-non-randomizzato: studio retrospettivo di reazioni da infusione in un network ospedaliero,,
33259451,10.1097/EJA.0000000000001389,,Efficacy of intra-operative administration of iron isomaltoside for preventing postoperative anaemia after total knee arthroplasty: A randomised controlled trial.,"Yoo S, et al.",2021,Eur J Anaesthesiol,Journal Article; Randomized Controlled Trial,eng,meta,2026-09-29T19:20:46+02:00,escluso,"E2-manca-FDI-o-FCM: RCT iron isomaltoside intraoperatorio vs placebo nella protesi di ginocchio ‖ B: E2-manca-FDI-o-FCM: RCT iron isomaltoside vs placebo in artroprotesi di ginocchio, nessun braccio FCM",,
33317356,10.1080/17474086.2021.1858406,,An evaluation of ferric derisomaltose as a treatment for anemia.,"Kassianides X, Bodington R, Bhandari S",2021,Expert Rev Hematol,Journal Article; Review,eng,meta,2026-09-29T16:55:46+02:00,escluso,E3-non-primario: review su FDI ‖ B: E3-non-primario: review narrativa su ferro derisomaltosio,,
33421230,10.1002/ejhf.2092,,"Oral sucrosomial iron improves exercise capacity and quality of life in heart failure with reduced ejection fraction and iron deficiency: a non-randomized, open-label, proof-of-concept study.","Karavidas A, et al.",2021,Eur J Heart Fail,Clinical Trial; Journal Article,eng,meta,2026-09-29T19:20:46+02:00,escluso,E1-non-randomizzato: studio non randomizzato di ferro sucrosomiale orale vs controlli appaiati ‖ B: E1-non-randomizzato: studio non randomizzato di ferro sucrosomiale orale vs controlli appaiati; nemmeno FDI o FCM,,
33442276,10.2147/CEOR.S284959,PMC7800446,"An Economic Analysis of Ferric Derisomaltose versus Ferric Carboxymaltose in the Treatment of Iron Deficiency Anemia in Patients with Inflammatory Bowel Disease in Norway, Sweden, and Finland.","Pollock RF, Muduma G",2021,Clinicoecon Outcomes Res,Journal Article,eng,meta,2026-09-29T16:55:46+02:00,escluso,"E1-non-randomizzato: analisi economica con modello (budget impact) FDI vs FCM, non è un RCT ‖ B: E3-non-primario: analisi economica di budget impact basata su un modello, senza RCT",,
33471939,10.1002/14651858.CD013529.pub2,PMC8092475,Interventions for treating iron deficiency anaemia in inflammatory bowel disease.,"Gordon M, et al.",2021,Cochrane Database Syst Rev,Journal Article; Meta-Analysis; Systematic Review,eng,meta,2026-09-29T16:55:46+02:00,escluso,E3-non-primario: revisione Cochrane con meta-analisi ‖ B: E3-non-primario: revisione sistematica Cochrane,,
33498292,10.3390/ijms22031008,PMC7863960,Iron Therapy in Chronic Kidney Disease: Days of Future Past.,"Lee KH, Ho Y, Tarng DC",2021,Int J Mol Sci,Journal Article; Review,eng,meta,2026-09-29T16:55:46+02:00,escluso,E3-non-primario: review narrativa sulla terapia marziale in CKD ‖ B: E3-non-primario: review narrativa sul ferro nella malattia renale cronica,,
33511892,10.1080/17474086.2021.1883948,,"Letter to the editor: in response to: Richard F Pollock & Patrick Biggar. Indirect methods of comparison of the safety of ferric derisomaltose, iron sucrose and ferric carboxymaltose in the treatment of iron deficiency anemia.","Aksan A, Dignass A, Stein J",2022,Expert Rev Hematol,Letter,eng,wiki+meta,2026-09-20T12:22:28+02:00,escluso,"E3-non-primario: lettera all'editore di risposta a un articolo di confronti indiretti, senza abstract né dati propri secondo il titolo ‖ B: E3-non-primario: lettera all'editore in risposta a un confronto indiretto, senza abstract né dati propri",,
33519940,10.7573/dic.2020-11-3,PMC7819638,"Hypophosphataemia, fibroblast growth factor 23 and third-generation intravenous iron compounds: a narrative review.","Kassianides X, Bhandari S",2021,Drugs Context,Journal Article; Review,eng,meta,2026-09-29T16:55:46+02:00,escluso,E3-non-primario: review narrativa su ipofosfatemia e FGF23 ‖ B: E3-non-primario: review narrativa su ipofosfatemia e FGF23,,
33632377,10.3310/hta25110,PMC7957457,Preoperative intravenous iron for anaemia in elective major open abdominal surgery: the PREVENTT RCT.,"Richards T, et al.",2021,Health Technol Assess,"Journal Article; Multicenter Study; Randomized Controlled Trial; Research Support, Non-U.S. Gov't",eng,meta,2026-09-29T19:20:46+02:00,escluso,"E2-manca-FDI-o-FCM: PREVENTT, RCT FCM vs placebo prima di chirurgia addominale ‖ B: E2-manca-FDI-o-FCM: PREVENTT, RCT FCM vs placebo preoperatorio, nessun braccio FDI",,
33745264,10.23876/j.krcp.20.120,PMC8041632,The comparative effects of intravenous iron on oxidative stress and inflammation in patients with chronic kidney disease and iron deficiency: a randomized controlled pilot study.,"Kassianides X, et al.",2021,Kidney Res Clin Pract,Journal Article,eng,meta,2026-09-29T19:20:46+02:00,escluso,"E2-manca-FDI-o-FCM: RCT a quattro bracci iron dextran, iron sucrose, FDI 200 e 1000 mg, nessun braccio FCM ‖ B: E2-manca-FDI-o-FCM: IRON-CKD, RCT a 4 bracci iron dextran, iron sucrose, FDI 200 e 1000 mg, nessun braccio FCM",,
33784968,10.1186/s12882-021-02308-y,PMC8010943,A multicentre prospective double blinded randomised controlled trial of intravenous iron (ferric Derisomaltose (FDI)) in Iron deficient but not anaemic patients with chronic kidney disease on functional status.,"Bhandari S, et al.",2021,BMC Nephrol,"Journal Article; Multicenter Study; Randomized Controlled Trial; Research Support, Non-U.S. Gov't",eng,meta,2026-09-29T19:20:46+02:00,escluso,"E2-manca-FDI-o-FCM: Iron and Heart Study, RCT FDI vs placebo nella CKD ‖ B: E2-manca-FDI-o-FCM: Iron and Heart Study, RCT FDI vs placebo in CKD, nessun braccio FCM",,
33794590,10.4081/monaldi.2021.1703,,Indirect comparison between ferric carboxymaltose and oral iron replacement in heart failure with reduced ejection fraction: a network meta-analysis.,"Sciatti E, Nesti U, Di Lenarda A",2021,Monaldi Arch Chest Dis,Journal Article; Network Meta-Analysis,eng,meta,2026-09-29T19:20:46+02:00,escluso,E3-non-primario: network meta-analisi FCM vs ferro orale nello scompenso ‖ B: E3-non-primario: network meta-analisi FCM vs ferro orale nello scompenso,,
33918110,10.3390/jcm10071457,PMC8036569,Efficacy and Safety of Intravenous Ferric Carboxymaltose in Patients with Postoperative Anemia Following Same-Day Bilateral Total Knee Arthroplasty: A Randomized Controlled Trial.,"Kim MS, et al.",2021,J Clin Med,Journal Article,eng,meta,2026-09-29T19:20:46+02:00,escluso,"E2-manca-FDI-o-FCM: RCT FCM vs placebo dopo protesi bilaterale di ginocchio ‖ B: E2-manca-FDI-o-FCM: RCT FCM vs placebo dopo artroprotesi bilaterale di ginocchio, nessun braccio FDI",,
33927444,,,Intravenous iron infusion and newer non-dextran formulations.,"Aung T, et al.",2021,N Z Med J,Journal Article,eng,meta,2026-09-29T16:55:46+02:00,escluso,E3-non-primario: articolo di rassegna sulle formulazioni di ferro EV ‖ B: E3-non-primario: articolo di rassegna sulle formulazioni EV di ferro non destrane,,
33993818,10.1080/14740338.2021.1912010,,"Newer formulations of intravenous iron: a review of their chemistry and key safety aspects - hypersensitivity, hypophosphatemia, and cardiovascular safety.","Blumenstein I, et al.",2021,Expert Opin Drug Saf,Journal Article; Review,eng,meta,2026-09-29T16:55:46+02:00,escluso,E3-non-primario: review sulla sicurezza dei ferri EV ‖ B: E3-non-primario: review sulla sicurezza dei ferri EV,,
34003690,10.1161/CIRCHEARTFAILURE.120.008100,PMC8136455,Randomized Placebo-Controlled Trial of Ferric Carboxymaltose in Heart Failure With Iron Deficiency: Rationale and Design.,"Mentz RJ, et al.",2021,Circ Heart Fail,"Journal Article; Research Support, Non-U.S. Gov't",eng,meta,2026-09-29T19:20:46+02:00,escluso,"E2-manca-FDI-o-FCM: disegno di HEART-FID, RCT FCM vs placebo ‖ B: E2-manca-FDI-o-FCM: disegno del trial HEART-FID, FCM vs placebo, nessun braccio FDI",,
34007138,10.3748/wjg.v27.i17.2039,PMC8108035,Hypophosphatemia after high-dose intravenous iron treatment in patients with inflammatory bowel disease: Mechanisms and possible clinical impact.,"Detlie TE, et al.",2021,World J Gastroenterol,Journal Article; Observational Study,eng,meta,2026-09-29T16:55:46+02:00,escluso,"E1-non-randomizzato: studio osservazionale prospettico in IBD, pazienti che ricevono FCM o FDI senza randomizzazione dichiarata (pubtype Observational Study) ‖ B: E1-non-randomizzato: studio osservazionale prospettivo in cui i pazienti hanno ricevuto FCM o FDI, senza randomizzazione dichiarata",,
34011020,10.1097/MD.0000000000024571,PMC8137003,Comparative efficacy and safety of intravenous ferric carboxymaltose and iron sucrose for iron deficiency anemia in obstetric and gynecologic patients: A systematic review and meta-analysis.,"Shin HW, et al.",2021,Medicine (Baltimore),Journal Article; Meta-Analysis; Systematic Review,eng,meta,2026-09-29T19:20:46+02:00,escluso,E3-non-primario: revisione sistematica e meta-analisi FCM vs iron sucrose in ostetricia e ginecologia ‖ B: E3-non-primario: revisione sistematica e meta-analisi FCM vs iron sucrose in ostetricia e ginecologia,,
34053011,10.1007/s12325-021-01770-2,PMC8279965,Intravenous Iron-Induced Hypophosphatemia: An Emerging Syndrome.,"Glaspy JA, Wolf M, Strauss WE",2021,Adv Ther,"Journal Article; Research Support, Non-U.S. Gov't; Review",eng,meta,2026-09-29T16:55:46+02:00,escluso,E3-non-primario: review sull'ipofosfatemia da ferro EV ‖ B: E3-non-primario: review sull'ipofosfatemia indotta da ferro EV,,
34080008,10.1093/eurheartj/ehab234,PMC8370759,The effect of intravenous ferric carboxymaltose on health-related quality of life in iron-deficient patients with acute heart failure: the results of the AFFIRM-AHF study.,"Jankowska EA, et al.",2021,Eur Heart J,"Journal Article; Randomized Controlled Trial; Research Support, Non-U.S. Gov't",eng,meta,2026-09-29T19:20:46+02:00,escluso,"E2-manca-FDI-o-FCM: analisi della qualità di vita di AFFIRM-AHF, FCM vs placebo ‖ B: E2-manca-FDI-o-FCM: analisi HRQoL di AFFIRM-AHF, FCM vs placebo, nessun braccio FDI",,
34162484,10.1016/j.amjcard.2021.04.042,,Safety and Efficacy of Intravenous Ferric Derisomaltose Compared to Iron Sucrose for Iron Deficiency Anemia in Patients with Chronic Kidney Disease With and Without Heart Failure.,"Ambrosy AP, et al.",2021,Am J Cardiol,"Comparative Study; Journal Article; Randomized Controlled Trial; Research Support, N.I.H., Extramural; Research Support, Non-U.S. Gov't",eng,meta,2026-09-29T19:20:46+02:00,escluso,"E2-manca-FDI-o-FCM: FERWON-NEPHRO, RCT FDI vs iron sucrose ‖ B: E2-manca-FDI-o-FCM: analisi di FERWON-NEPHRO, FDI vs iron sucrose, nessun braccio FCM",,
34168471,10.2147/CEOR.S306823,PMC8216635,Evaluation of the Cost-Effectiveness of Iron Formulations for the Treatment of Iron Deficiency Anaemia in Patients with Inflammatory Bowel Disease in the UK.,"Aksan A, et al.",2021,Clinicoecon Outcomes Res,Journal Article,eng,meta,2026-09-29T16:55:46+02:00,escluso,"E1-non-randomizzato: modello di costo-efficacia da network meta-analisi, non è un RCT ‖ B: E3-non-primario: modello di costo-efficacia basato su una network meta-analysis",,
34171281,10.1016/S2352-3026(21)00137-X,PMC7612251,Iron preparations for women of reproductive age with iron deficiency anaemia in pregnancy (FRIDA): a systematic review and network meta-analysis.,"Rogozińska E, et al.",2021,Lancet Haematol,Journal Article; Systematic Review; Network Meta-Analysis,eng,meta,2026-09-29T19:20:46+02:00,escluso,E3-non-primario: revisione sistematica e network meta-analisi FRIDA delle preparazioni di ferro in gravidanza ‖ B: E3-non-primario: revisione sistematica e network meta-analisi FRIDA sui preparati di ferro in gravidanza,,
34534708,10.1016/j.bone.2021.116202,,Hypophosphatemia after intravenous iron therapy: Comprehensive review of clinical findings and recommendations for management.,"Schaefer B, et al.",2022,Bone,"Journal Article; Research Support, Non-U.S. Gov't; Review",eng,meta,2026-09-29T16:55:46+02:00,escluso,E3-non-primario: review completa sull'ipofosfatemia dopo ferro EV ‖ B: E3-non-primario: review sull'ipofosfatemia dopo ferro EV,,
34556166,10.1186/s13063-021-05549-2,PMC8459820,"RAPIDIRON: Reducing Anaemia in Pregnancy in India-a 3-arm, randomized-controlled trial comparing the effectiveness of oral iron with single-dose intravenous iron in the treatment of iron deficiency anaemia in pregnant women and reducing low birth weight deliveries.","Derman RJ, et al.",2021,Trials,Journal Article; Randomized Controlled Trial,eng,meta,2026-09-29T19:20:46+02:00,incluso,"protocollo di RCT a tre bracci (RAPIDIRON) con «two different intravenous formulations» non nominate vs ferro orale in gravidanza: i due bracci EV potrebbero essere FDI e FCM; età adulta da verificare ‖ B: protocollo RAPIDIRON: RCT a 3 bracci con due diverse formulazioni EV monodose vs ferro orale in gravidanza; farmaci EV non nominati nell'abstract, possibili FDI e FCM; età adulta da verificare",incluso,"decisione dell'utente (2026-09-29) — protocollo di RAPIDIRON (Trials 2021), CTRI citato, bracci FCM e FDI nel testo"
34758368,10.1053/j.ajkd.2021.09.017,,Recent and Emerging Therapies for Iron Deficiency in Anemia of CKD: A Review.,"Bazeley JW, Wish JB",2022,Am J Kidney Dis,Journal Article; Review,eng,meta,2026-09-29T16:55:46+02:00,escluso,E3-non-primario: review sulle terapie marziali nell'anemia da CKD ‖ B: E3-non-primario: review sulla carenza di ferro nell'anemia da malattia renale cronica,,
34767026,10.1001/jamanetworkopen.2021.33935,PMC8590171,Risk of Infection Associated With Administration of Intravenous Iron: A Systematic Review and Meta-analysis.,"Shah AA, et al.",2021,JAMA Netw Open,"Journal Article; Meta-Analysis; Research Support, Non-U.S. Gov't; Systematic Review",eng,meta,2026-09-29T19:20:46+02:00,escluso,E3-non-primario: revisione sistematica e meta-analisi sul rischio di infezione del ferro EV ‖ B: E3-non-primario: revisione sistematica e meta-analisi sul rischio di infezione da ferro EV,,
34850000,10.1210/clinem/dgab852,PMC8947794,Risk Factors for and Effects of Persistent and Severe Hypophosphatemia Following Ferric Carboxymaltose.,"Schaefer B, Zoller H, Wolf M",2022,J Clin Endocrinol Metab,"Journal Article; Research Support, Non-U.S. Gov't",eng,wiki+meta,2026-09-20T12:22:28+02:00,incluso,"analisi secondaria dei RCT PHOSPHARE-IDA (FCM vs FDI, adulti con IDA, n=245) ‖ B: analisi post-hoc dei due RCT PHOSPHARE-IDA (FCM vs FDI) in adulti con anemia sideropenica",incluso,"decisione dell'utente (approvazione in blocco, 2026-09-29) — analisi secondaria post hoc dei due trial PHOSPHARE-IDA"
35000281,10.1111/1744-9987.13797,,Adverse effects of iron toward the peritoneal mesothelial cells are reversible.,"Jasiński T, Bręborowicz A",2022,Ther Apher Dial,Journal Article,eng,wiki+meta,2026-09-20T12:22:28+02:00,escluso,E4-non-umano: studio in vitro su cellule mesoteliali peritoneali ‖ B: E4-non-umano: studio in vitro su cellule mesoteliali peritoneali,,
35337966,10.1016/j.ejpb.2022.03.006,,Tissue biodistribution of intravenous iron-carbohydrate nanomedicines differs between preparations with varying physicochemical characteristics in an anemic rat model.,"Funk F, et al.",2022,Eur J Pharm Biopharm,Journal Article,eng,wiki+meta,2026-09-20T12:22:28+02:00,escluso,E4-non-umano: biodistribuzione in modello murino di anemia ‖ B: E4-non-umano: biodistribuzione tissutale in un modello di ratto anemico,,
35477731,10.1038/s41598-022-10717-8,PMC9046378,"Analysis of oxidative stress, inflammation and endothelial function following intravenous iron in chronic kidney disease in the Iron and Heart Trial.","Kassianides X, et al.",2022,Sci Rep,"Journal Article; Multicenter Study; Randomized Controlled Trial; Research Support, Non-U.S. Gov't",eng,meta,2026-09-29T19:20:46+02:00,escluso,"E2-manca-FDI-o-FCM: analisi secondaria dell'Iron and Heart Trial, FDI vs placebo ‖ B: E2-manca-FDI-o-FCM: analisi secondaria dell'Iron and Heart Trial, FDI vs placebo, nessun braccio FCM",,
35566482,10.3390/jcm11092357,PMC9103711,Intravenous Ferric Carboxymaltose Improves Response to Postoperative Anemia Following Total Knee Arthroplasty: A Prospective Randomized Controlled Trial in Asian Cohort.,"Choi KY, et al.",2022,J Clin Med,Journal Article,eng,meta,2026-09-29T19:20:46+02:00,escluso,"E2-manca-FDI-o-FCM: RCT FCM vs nessun trattamento dopo protesi di ginocchio ‖ B: E2-manca-FDI-o-FCM: RCT FCM vs nessun trattamento dopo artroprotesi di ginocchio, nessun braccio FDI",,
35620535,10.1002/hsr2.633,PMC9125168,Perioperative intravenous iron to treat patients with fractured hip surgery: A systematic review and meta-analysis.,"Sinclair RCF, et al.",2022,Health Sci Rep,Journal Article; Review,eng,meta,2026-09-29T19:20:46+02:00,escluso,E3-non-primario: revisione sistematica e meta-analisi del ferro EV nella frattura di femore ‖ B: E3-non-primario: revisione sistematica e meta-analisi del ferro EV nella frattura di femore,,
35771891,10.1371/journal.pone.0270640,PMC9246107,Perioperative changes in haemoglobin and ferritin concentrations from preoperative intravenous iron isomaltoside for iron deficiency anaemia in patients with colorectal cancer: A pilot randomised controlled trial.,"Fung PLP, et al.",2022,PLoS One,Journal Article; Randomized Controlled Trial,eng,meta,2026-09-29T19:20:46+02:00,escluso,"E2-manca-FDI-o-FCM: RCT pilota iron isomaltoside vs usual care preoperatoria, nessun braccio FCM ‖ B: E2-manca-FDI-o-FCM: RCT pilota iron isomaltoside vs usual care preoperatoria, nessun braccio FCM",,
35810949,10.1016/j.phrs.2022.106345,,Comparative efficacy of intravenous and oral iron supplements for the treatment of iron deficiency in patients with heart failure: A network meta-analysis of randomized controlled trials.,"Mei Z, et al.",2022,Pharmacol Res,"Journal Article; Review; Research Support, Non-U.S. Gov't; Network Meta-Analysis",eng,meta,2026-09-29T19:20:46+02:00,escluso,E3-non-primario: network meta-analisi di RCT su ferro EV e orale nello scompenso cardiaco ‖ B: E3-non-primario: network meta-analysis di RCT su ferro EV e orale nello scompenso,,
35890303,10.3390/pharmaceutics14071408,PMC9323124,"Differential Pharmacokinetics of Liver Tropism for Iron Sucrose, Ferric Carboxymaltose, and Iron Isomaltoside: A Clue to Their Safety for Dialysis Patients.","Rostoker G, et al.",2022,Pharmaceutics,Journal Article,eng,wiki+meta,2026-09-20T12:22:28+02:00,escluso,"E1-non-randomizzato: decisione dell'utente sul dubbio — studio PK in 54 dializzati con iron sucrose, FCM e FDI, randomizzazione non dichiarata",,
35896969,10.1186/s12882-022-02896-3,PMC9325952,The effect of intravenous iron supplementation on exercise capacity in iron-deficient but not anaemic patients with chronic kidney disease: study design and baseline data for a multicentre prospective double-blind randomised controlled trial.,"Greenwood SA, et al.",2022,BMC Nephrol,"Journal Article; Research Support, Non-U.S. Gov't; Clinical Trial Protocol",eng,meta,2026-09-29T19:20:46+02:00,escluso,"E2-manca-FDI-o-FCM: protocollo di RCT ferro EV vs placebo in CKD, un solo braccio di ferro EV ‖ B: E2-manca-FDI-o-FCM: protocollo/baseline di RCT ferro EV vs placebo in CKD (Iron and Muscle), nessun confronto FDI vs FCM",,
35930123,10.1007/s10620-022-07599-1,,Ironing It All Out: A Comprehensive Review of Iron Deficiency Anemia in Inflammatory Bowel Disease Patients.,"Maas LA, Krishna M, Parian AM",2023,Dig Dis Sci,Journal Article; Review,eng,meta,2026-09-29T16:55:46+02:00,escluso,E3-non-primario: review narrativa su IDA in IBD ‖ B: E3-non-primario: review narrativa sull'IDA nelle IBD,,
35947351,10.1007/s12325-022-02242-x,PMC9464736,"A Systematic Review, Meta-Analysis, and Indirect Comparison of Blindly Adjudicated Cardiovascular Event Incidence with Ferric Derisomaltose, Ferric Carboxymaltose, and Iron Sucrose.","Pollock RF, et al.",2022,Adv Ther,"Journal Article; Meta-Analysis; Systematic Review; Research Support, Non-U.S. Gov't",eng,meta,2026-09-29T16:55:46+02:00,escluso,E3-non-primario: revisione sistematica e meta-analisi con confronto indiretto ‖ B: E3-non-primario: revisione sistematica e meta-analisi con confronto indiretto,,
36056175,10.1007/s00431-022-04582-w,PMC9439269,Intravenous ferric carboxymaltose for the management of iron deficiency and iron deficiency anaemia in children and adolescents: a review.,"Aksan A, et al.",2022,Eur J Pediatr,Journal Article; Review,eng,meta,2026-09-29T19:20:46+02:00,escluso,E3-non-primario: review narrativa su FCM in bambini e adolescenti ‖ B: E3-non-primario: review narrativa su FCM in età pediatrica,,
36068430,10.1007/s40264-022-01216-w,PMC9492608,High-Dose Intravenous Iron with Either Ferric Carboxymaltose or Ferric Derisomaltose: A Benefit-Risk Assessment.,"Boots JMM, Quax RAM",2022,Drug Saf,Journal Article,eng,wiki+meta,2026-09-20T12:22:28+02:00,escluso,"E3-non-primario: valutazione beneficio-rischio narrativa, senza dati originali di RCT ‖ B: E3-non-primario: valutazione beneficio-rischio narrativa, senza dati propri",,
36178088,10.1002/ehf2.14177,PMC9871661,Systematic review and meta-analysis of intravenous iron-carbohydrate complexes in HFrEF patients with iron deficiency.,"Sindone A, Doehner W, Comin-Colet J",2023,ESC Heart Fail,Meta-Analysis; Systematic Review; Journal Article,eng,meta,2026-09-29T16:55:46+02:00,escluso,E3-non-primario: revisione sistematica e meta-analisi in HFrEF ‖ B: E3-non-primario: meta-analisi di RCT su ferro EV vs placebo in HFrEF,,
36343979,10.1136/gutjnl-2022-327897,PMC10086283,Hypophosphataemia following ferric derisomaltose and ferric carboxymaltose in patients with iron deficiency anaemia due to inflammatory bowel disease (PHOSPHARE-IBD): a randomised clinical trial.,"Zoller H, et al.",2023,Gut,"Randomized Controlled Trial; Journal Article; Research Support, Non-U.S. Gov't",eng,wiki+meta,2026-09-20T12:22:28+02:00,incluso,"PHOSPHARE-IBD: RCT in doppio cieco FDI vs FCM in adulti con IBD e IDA ‖ B: RCT in doppio cieco PHOSPHARE-IBD, FDI vs FCM randomizzati 1:1 in adulti con IDA da IBD",incluso,"decisione dell'utente (approvazione in blocco, 2026-09-29) — pubblicazione primaria di PHOSPHARE-IBD"
36347265,10.1016/S0140-6736(22)02083-9,,"Intravenous ferric derisomaltose in patients with heart failure and iron deficiency in the UK (IRONMAN): an investigator-initiated, prospective, randomised, open-label, blinded-endpoint trial.","Kalra PR, et al.",2022,Lancet,"Randomized Controlled Trial; Journal Article; Research Support, Non-U.S. Gov't",eng,wiki+meta,2026-09-20T12:22:28+02:00,escluso,"E2-manca-FDI-o-FCM: IRONMAN, FDI vs usual care, senza braccio FCM ‖ B: E2-manca-FDI-o-FCM: IRONMAN, FDI vs usual care, senza braccio FCM",,
36462965,10.1016/j.ejim.2022.11.030,,Hypersensitivity reactions associated with iron isomaltoside and ferric carboxymaltose.,"Aguirre C, et al.",2023,Eur J Intern Med,Letter,eng,wiki+meta,2026-09-20T12:22:28+02:00,incluso,"lettera su ipersensibilità con FDI e FCM, senza abstract: il titolo non esclude dati originali, si decide sul fulltext ‖ B: lettera senza abstract il cui titolo (ipersensibilità con FDI e FCM) non esclude con certezza dati di un RCT: si decide sul fulltext",escluso,"E1-non-randomizzato: decisione dell'utente (approvazione in blocco, 2026-09-29) — osservazionale retrospettivo, FCM poi FDI per periodo"
36555659,10.3390/ijms232416016,PMC9787941,"Markers of Oxidative Stress, Inflammation and Endothelial Function following High-Dose Intravenous Iron in Patients with Non-Dialysis-Dependent Chronic Kidney Disease-A Pooled Analysis.","Kassianides X, White S, Bhandari S",2022,Int J Mol Sci,Journal Article,eng,meta,2026-09-29T19:20:46+02:00,escluso,"E2-manca-FDI-o-FCM: analisi pooled di due RCT pilota di ferric derisomaltose 1000 mg in CKD, nessun braccio FCM ‖ B: E2-manca-FDI-o-FCM: analisi pooled di due RCT pilota con ferric derisomaltose 1000 mg in CKD, nessun braccio FCM",,
36631901,10.1186/s13019-023-02119-2,PMC9832752,The efficacy of intravenous iron for treatment of anemia before cardiac surgery: An updated systematic review and meta-analysis with trial sequential analysis.,"Liu HM, et al.",2023,J Cardiothorac Surg,Meta-Analysis; Systematic Review; Journal Article,eng,meta,2026-09-29T19:20:46+02:00,escluso,E3-non-primario: revisione sistematica e meta-analisi sul ferro EV prima della cardiochirurgia ‖ B: E3-non-primario: revisione sistematica e meta-analisi del ferro EV prima della cardiochirurgia,,
36734033,10.1002/ehf2.14310,PMC10053151,Intravenous iron infusion in patients with heart failure: a systematic review and study-level meta-analysis.,"Salah HM, et al.",2023,ESC Heart Fail,"Systematic Review; Meta-Analysis; Journal Article; Research Support, Non-U.S. Gov't; Research Support, N.I.H., Extramural",eng,meta,2026-09-29T19:20:46+02:00,escluso,E3-non-primario: revisione sistematica e meta-analisi sul ferro EV nello scompenso cardiaco ‖ B: E3-non-primario: revisione sistematica e meta-analisi del ferro EV nello scompenso,,
36823953,10.1002/ejhf.2810,PMC10946839,Intravenous iron in patients with heart failure and iron deficiency: an updated meta-analysis.,"Graham FJ, et al.",2023,Eur J Heart Fail,"Meta-Analysis; Journal Article; Research Support, Non-U.S. Gov't",eng,meta,2026-09-29T19:20:46+02:00,escluso,E3-non-primario: meta-analisi aggiornata di RCT ferro EV vs standard/placebo nello scompenso ‖ B: E3-non-primario: meta-analisi aggiornata del ferro EV nello scompenso con carenza marziale,,
36923182,10.7759/cureus.34858,PMC10010153,Randomized Controlled Trial Comparing Ferrous Sulfate and Iron Sucrose in Iron Deficiency Anemia in Pregnancy.,"Chauhan N, et al.",2023,Cureus,Journal Article,eng,meta,2026-09-29T19:20:46+02:00,escluso,E2-manca-FDI-o-FCM: RCT iron sucrose vs ferrous sulfate in gravidanza ‖ B: E2-manca-FDI-o-FCM: RCT iron sucrose vs solfato ferroso in gravidanza,,
36938780,10.1111/imj.16075,,Administration of intravenous iron through a home-based infusion strategy is safe and has high patient acceptance.,"Liu D, et al.",2024,Intern Med J,Journal Article,eng,wiki+meta,2026-09-20T12:22:28+02:00,escluso,"E1-non-randomizzato: coorte retrospettiva su infusioni domiciliari di FCM e FDI ‖ B: E1-non-randomizzato: coorte retrospettiva di infusioni domiciliari, 181 FCM e 16 FDI",,
36983640,10.3390/jpm13030458,PMC10056873,Effect of Intravenous Iron Administration on Bone Mineral and Iron Homeostasis in Patients with Inflammatory Bowel Disease-Results of a Prospective Single-Centre Study.,"Tulewicz-Marti E, et al.",2023,J Pers Med,Journal Article,eng,meta,2026-09-29T19:20:46+02:00,escluso,"E1-non-randomizzato: studio prospettico monocentrico non randomizzato, FDI o FCM in IBD ‖ B: E1-non-randomizzato: studio prospettico non randomizzato con FDI o FCM in IBD",,
37010731,10.1007/s11096-023-01548-2,PMC10250464,A systematic literature review and meta-analysis of the incidence of serious or severe hypersensitivity reactions after administration of ferric derisomaltose or ferric carboxymaltose.,"Kennedy NA, et al.",2023,Int J Clin Pharm,Systematic Review; Meta-Analysis; Journal Article,eng,meta,2026-09-29T16:55:46+02:00,escluso,E3-non-primario: revisione sistematica e meta-analisi sulle reazioni di ipersensibilità ‖ B: E3-non-primario: revisione sistematica e meta-analisi sulle reazioni di ipersensibilità,,
37015198,10.1159/000528313,,Methodology and Baseline Data of a Comparative Exploratory Double-Blinded Randomized Study of Intravenous Iron on Fibroblast Growth Factor 23 and Phosphate in Chronic Kidney Disease.,"Kassianides X, Bhandari S",2023,Kidney Blood Press Res,Randomized Controlled Trial; Journal Article,eng,wiki+meta,2026-09-20T12:22:28+02:00,incluso,"protocollo e dati basali di ExplorIRON-CKD: RCT in doppio cieco FCM vs FDI in adulti con carenza marziale e CKD non in dialisi ‖ B: protocollo e dati basali di ExplorIRON-CKD, RCT in doppio cieco FCM vs FDI in adulti con ND-CKD e carenza marziale",incluso,"decisione dell'utente (approvazione in blocco, 2026-09-29) — metodologia e dati basali di ExplorIRON-CKD"
37062867,10.1002/ejhf.2860,,Effect of intravenous iron replacement on recurrent heart failure hospitalizations and cardiovascular mortality in patients with heart failure and iron deficiency: A Bayesian meta-analysis.,"Anker SD, et al.",2023,Eur J Heart Fail,"Meta-Analysis; Journal Article; Research Support, Non-U.S. Gov't",eng,meta,2026-09-29T16:55:46+02:00,escluso,E3-non-primario: meta-analisi bayesiana di RCT vs placebo/usual care ‖ B: E3-non-primario: meta-analisi bayesiana di RCT su ferro EV vs placebo o usual care,,
37074386,10.1007/s00392-023-02207-2,PMC10116902,Efficacy and safety of intravenous iron repletion in patients with heart failure: a systematic review and meta-analysis.,"Vukadinović D, et al.",2023,Clin Res Cardiol,Meta-Analysis; Systematic Review; Journal Article,eng,meta,2026-09-29T16:55:46+02:00,escluso,E3-non-primario: revisione sistematica e meta-analisi in scompenso cardiaco ‖ B: E3-non-primario: revisione sistematica e meta-analisi di AFFIRM-AHF e IRONMAN,,
37193585,10.1136/gutjnl-2023-330061,,"Hypophosphataemia following ferric carboxymaltose and ferric derisomaltose: case closed, but questions remain.","Chauhan A, Lucas S, Garg M",2024,Gut,Letter; Comment,eng,meta,2026-09-29T16:55:46+02:00,escluso,"E3-non-primario: lettera/commento su PHOSPHARE-IBD, senza abstract né dati propri ‖ B: E3-non-primario: lettera/commento su PHOSPHARE-IBD, senza abstract e senza dati propri dal tipo di pubblicazione",,
37348816,10.1016/j.ajogmf.2023.101064,,Intravenous infusions of ferumoxytol compared to oral ferrous sulfate for the treatment of anemia in pregnancy: a randomized controlled trial.,"Awomolo AM, et al.",2023,Am J Obstet Gynecol MFM,"Randomized Controlled Trial; Journal Article; Research Support, Non-U.S. Gov't",eng,meta,2026-09-29T19:20:46+02:00,escluso,E2-manca-FDI-o-FCM: RCT ferumoxytol vs ferrous sulfate in gravidanza ‖ B: E2-manca-FDI-o-FCM: RCT ferumoxytol vs solfato ferroso in gravidanza,,
37380069,10.1016/j.jjcc.2023.06.012,,Clinical outcomes of intravenous iron therapy in patients with heart failure and iron deficiency: Meta-analysis and trial sequential analysis of randomized clinical trials.,"Bhatia K, et al.",2024,J Cardiol,Meta-Analysis; Journal Article,eng,meta,2026-09-29T19:20:46+02:00,escluso,E3-non-primario: meta-analisi e trial sequential analysis di RCT ferro EV vs usual care nello scompenso ‖ B: E3-non-primario: meta-analisi e trial sequential analysis del ferro EV nello scompenso,,
37486650,10.1097/AOG.0000000000005143,,Intravenous Iron Compared With Oral Iron Supplementation for the Treatment of Postpartum Anemia: A Randomized Controlled Trial.,"Saad AF, et al.",2023,Obstet Gynecol,Randomized Controlled Trial; Journal Article,eng,meta,2026-09-29T19:20:46+02:00,escluso,"E2-manca-FDI-o-FCM: RCT ferro EV vs ferro orale nell'anemia postpartum, un solo braccio EV (titolo; abstract assente) ‖ B: E2-manca-FDI-o-FCM: RCT ferro EV vs ferro orale nell'anemia postpartum (titolo), nessun confronto fra due ferri EV",,
37632415,10.1093/eurheartj/ehad586,PMC10733736,Efficacy of ferric carboxymaltose in heart failure with iron deficiency: an individual patient data meta-analysis.,"Ponikowski P, et al.",2023,Eur Heart J,"Meta-Analysis; Journal Article; Research Support, Non-U.S. Gov't",eng,meta,2026-09-29T19:20:46+02:00,escluso,E3-non-primario: meta-analisi IPD di trial FCM vs placebo nello scompenso ‖ B: E3-non-primario: meta-analisi a dati individuali di trial FCM vs placebo,,
37657262,10.1016/j.biopha.2023.115404,,Uncovering the dynamics of cellular responses induced by iron-carbohydrate complexes in human macrophages using quantitative proteomics and phosphoproteomics.,"Bossart J, et al.",2023,Biomed Pharmacother,Journal Article,eng,wiki+meta,2026-09-20T12:22:28+02:00,escluso,E4-non-umano: studio in vitro di proteomica su macrofagi ‖ B: E4-non-umano: studio proteomico in vitro su macrofagi,,
37671923,10.1042/BSR20231217,PMC10520285,Intravenous ferric carboxymaltose and ferric derisomaltose alter the intestinal microbiome in female iron-deficient anemic mice.,"Rieg T, et al.",2023,Biosci Rep,"Journal Article; Research Support, N.I.H., Extramural; Research Support, Non-U.S. Gov't; Research Support, U.S. Gov't, Non-P.H.S.",eng,wiki+meta,2026-09-20T12:22:28+02:00,escluso,E4-non-umano: studio sul microbioma in topi ‖ B: E4-non-umano: studio sul microbioma in topi con anemia sideropenica,,
37702931,10.1007/s12325-023-02591-1,PMC10567814,Incidence of Hypophosphatemia After Intravenous Administration of Iron: A Matching-Adjusted Indirect Comparison of Data from Japanese Randomized Controlled Trials.,"Fukumoto S, et al.",2023,Adv Ther,"Journal Article; Research Support, Non-U.S. Gov't",eng,wiki+meta,2026-09-20T12:22:28+02:00,escluso,"E2-manca-FDI-o-FCM: confronto indiretto aggiustato (MAIC) tra due RCT, FDI vs SFO e FCM vs SFO, senza RCT diretto FDI vs FCM ‖ B: E2-manca-FDI-o-FCM: confronto indiretto MAIC con comparatore SFO, nessun RCT che randomizzi FDI contro FCM",,
37746404,10.7759/cureus.44020,PMC10517736,"Multifocal Abscesses, Necrotizing Fasciitis, Iron Deficiency Anemia, and Hypophosphatemia Induced by Ferric Carboxymaltose Infusions: Report of a Case of Hereditary Hemorrhagic Telangiectasia.","Trevise LA, et al.",2023,Cureus,Case Reports; Journal Article,eng,wiki+meta,2026-09-20T12:22:28+02:00,escluso,E1-non-randomizzato: case report di ipofosfatemia da FCM ‖ B: E1-non-randomizzato: case report di ipofosfatemia da FCM in un paziente con HHT,,
37884522,10.1038/s41598-023-44578-6,PMC10603042,Patient reported outcome measures and cardiovascular outcomes following high dose modern intravenous iron in non-dialysis dependent chronic kidney disease: secondary analysis of ExplorIRON-CKD.,"Kassianides X, Bhandari S",2023,Sci Rep,"Randomized Controlled Trial; Journal Article; Research Support, Non-U.S. Gov't",eng,wiki+meta,2026-09-20T12:22:28+02:00,incluso,"analisi secondaria di ExplorIRON-CKD: 26 pazienti randomizzati 1:1 a FDI o FCM ‖ B: analisi secondaria di ExplorIRON-CKD, RCT FDI vs FCM randomizzati 1:1 in adulti con ND-CKD e carenza marziale",incluso,"decisione dell'utente (approvazione in blocco, 2026-09-29) — analisi secondaria prespecificata di ExplorIRON-CKD"
37885813,10.1016/j.eurox.2023.100247,PMC10598402,"Incidence of postpartum depression after treatment of postpartum anaemia with intravenous ferric carboxymaltose, intravenous ferric derisomaltose or oral ferrous sulphate: A randomized clinical trial.","Bombač Tavčar L, et al.",2023,Eur J Obstet Gynecol Reprod Biol X,Journal Article,eng,wiki+meta,2026-09-20T12:22:28+02:00,incluso,"RCT open-label a tre bracci (FCM, FDI, ferro orale) in donne adulte con anemia post-partum ‖ B: RCT open-label con FCM EV, FDI EV e ferro orale in donne adulte con anemia post-partum; FDI e FCM sono bracci randomizzati",incluso,"decisione dell'utente (approvazione in blocco, 2026-09-29) — pubblicazione secondaria (depressione post-partum) del trial di Lubiana"
37937204,10.36628/ijhf.2023.0032,PMC10625879,Iron Deficiency in Heart Failure: A Korea-Oriented Review.,"Jankowska EA, Ponikowski P",2023,Int J Heart Fail,Journal Article; Review,eng,meta,2026-09-29T16:55:46+02:00,escluso,E3-non-primario: review narrativa sul deficit di ferro nello scompenso cardiaco ‖ B: E3-non-primario: review narrativa sulla carenza di ferro nello scompenso cardiaco,,
37962569,10.1007/s00059-023-05221-2,,[Heart failure: update of the ESC 2023 guidelines].,"Bauersachs J, Soltani S",2024,Herz,English Abstract; Journal Article; Review,ger,meta,2026-09-29T16:55:46+02:00,escluso,"E3-non-primario: review sulle linee guida ESC 2023 ‖ B: E3-non-primario: aggiornamento di linee guida ESC 2023, review",,
38066930,10.1182/hematology.2023000495,PMC10727060,IV iron formulations and use in adults.,"Van Doren L, Auerbach M",2023,Hematology Am Soc Hematol Educ Program,Journal Article,eng,wiki+meta,2026-09-20T12:22:28+02:00,escluso,E3-non-primario: review educazionale sulle formulazioni di ferro EV ‖ B: E3-non-primario: review educazionale sulle formulazioni di ferro EV,,
38069996,10.1016/j.jchf.2023.11.006,,Meta-Analysis and Metaregression of the Treatment Effect of Intravenous Iron in Iron-Deficient Heart Failure.,"Martens P, et al.",2024,JACC Heart Fail,Systematic Review; Meta-Analysis; Journal Article,eng,meta,2026-09-29T19:20:46+02:00,escluso,"E3-non-primario: revisione sistematica, meta-analisi e metaregressione del ferro EV nello scompenso ‖ B: E3-non-primario: meta-analisi e metaregressione del ferro EV nello scompenso",,
38094535,10.7759/cureus.48717,PMC10716724,"The Efficacy, Safety, and Economic Outcomes of Using Ferric Derisomaltose for the Management of Iron Deficiency in China: A Rapid Health Technology Assessment.","Yun L, et al.",2023,Cureus,Journal Article; Review,eng,meta,2026-09-29T16:55:46+02:00,escluso,"E3-non-primario: rapid HTA basata su revisioni, meta-analisi e valutazioni economiche ‖ B: E3-non-primario: rapid HTA basata su revisioni, meta-analisi e ITC",,
38167004,10.1186/s13643-023-02431-x,PMC10759584,Reported outcomes in patients with iron deficiency or iron deficiency anemia undergoing major surgery: a systematic review of outcomes.,"Stangl S, et al.",2024,Syst Rev,Systematic Review; Journal Article,eng,meta,2026-09-29T19:20:46+02:00,escluso,E3-non-primario: revisione sistematica degli esiti riportati in chirurgia maggiore ‖ B: E3-non-primario: revisione sistematica degli outcome riportati in chirurgia maggiore,,
38167523,10.1038/s41598-023-50234-w,PMC10761955,Clinical outcome post treatment of anemia in pregnancy with intravenous versus oral iron therapy: a systematic review and meta-analysis.,"Pandey AK, et al.",2024,Sci Rep,Meta-Analysis; Systematic Review; Journal Article,eng,meta,2026-09-29T19:20:46+02:00,escluso,E3-non-primario: revisione sistematica e meta-analisi ferro EV vs orale in gravidanza ‖ B: E3-non-primario: revisione sistematica e meta-analisi ferro EV vs orale in gravidanza,,
38337452,10.3390/jcm13030758,PMC10856024,Maternal Fatigue after Postpartum Anemia Treatment with Intravenous Ferric Carboxymaltose vs. Intravenous Ferric Derisomaltose vs. Oral Ferrous Sulphate: A Randomized Controlled Trial.,"Bombač Tavčar L, et al.",2024,J Clin Med,Journal Article,eng,wiki+meta,2026-09-20T12:22:28+02:00,incluso,"RCT open-label a tre bracci (FCM, FDI, ferro orale) in donne adulte con anemia post-partum, esito fatigue ‖ B: RCT open-label con FCM EV, FDI EV e ferro orale in donne adulte con anemia post-partum; FDI e FCM sono bracci randomizzati",incluso,"decisione dell'utente (approvazione in blocco, 2026-09-29) — esito primario MFI del trial post-partum; età e registro dal collegamento a NCT03957057 (dubbio risolto)"
38347520,10.1186/s12882-023-03440-7,PMC10860218,The differential effect of modern intravenous iron on fibroblast growth factor 23 and phosphate in non-dialysis dependent CKD - the exploratory randomized controlled double-blind ExplorIRON-CKD study.,"Kassianides X, Bhandari S",2024,BMC Nephrol,"Randomized Controlled Trial; Journal Article; Research Support, Non-U.S. Gov't",eng,wiki+meta,2026-09-20T12:22:28+02:00,incluso,"RCT double-blind ExplorIRON-CKD, adulti con CKD e carenza marziale randomizzati 1:1 a FDI o FCM ‖ B: ExplorIRON-CKD: RCT in doppio cieco, adulti con CKD e carenza marziale randomizzati 1:1 a FDI o FCM",incluso,"decisione dell'utente (approvazione in blocco, 2026-09-29) — pubblicazione primaria di ExplorIRON-CKD"
38357109,10.4314/ahs.v23i3.25,PMC10862635,Comparison of iron isomaltoside ferumoxytol with iron sucrose for iron deficiency anemia: a meta-analysis of randomized controlled trials.,"Shi L, Zhao Y, Rao A",2023,Afr Health Sci,Meta-Analysis; Journal Article,eng,meta,2026-09-29T19:20:46+02:00,escluso,E3-non-primario: meta-analisi di RCT iron isomaltoside/ferumoxytol vs iron sucrose ‖ B: E3-non-primario: meta-analisi iron isomaltoside/ferumoxytol vs iron sucrose,,
38391240,10.1080/13696998.2024.2313932,,Cost-utility analysis of ferric derisomaltose versus ferric carboxymaltose in patients with inflammatory bowel disease and iron deficiency anemia in England.,"Iqbal TH, et al.",2024,J Med Econ,Randomized Controlled Trial; Journal Article,eng,wiki+meta,2026-09-20T12:22:28+02:00,escluso,"E3-non-primario: decisione dell'utente sul dubbio — modello economico costo-utilità sui dati di PHOSPHARE-IBD, nessun dato originale di trial",,
38584682,10.1016/j.bonr.2024.101754,PMC10995797,A case of hypophosphatemia and elevated intact fibroblast growth factor 23 levels after short-term saccharated ferric oxide administration in a young woman and database analysis of adverse drug reactions in Japan.,"Kinoshita T, et al.",2024,Bone Rep,Case Reports; Journal Article,eng,wiki+meta,2026-09-20T12:22:28+02:00,escluso,"E1-non-randomizzato: case report più analisi di database su ferro saccarato (SFO), senza braccio FDI o FCM ‖ B: E1-non-randomizzato: case report di ipofosfatemia dopo ferro saccarato ossidato e analisi di database giapponese, senza braccio FDI o FCM randomizzato",,
38628339,10.1080/08998280.2024.2326387,PMC11018061,Intravenous iron therapy for patients with iron deficiency and heart failure: a systematic review and meta-analysis of randomized controlled trials.,"Mhanna M, et al.",2024,Proc (Bayl Univ Med Cent),Journal Article,eng,meta,2026-09-29T19:20:46+02:00,escluso,E3-non-primario: revisione sistematica e meta-analisi di RCT ferro EV nello scompenso ‖ B: E3-non-primario: revisione sistematica e meta-analisi del ferro EV nello scompenso,,
38643833,10.1016/j.clinme.2024.100211,PMC11092397,Intravenous iron for acute and chronic heart failure with reduced ejection fraction (HFrEF) patients with iron deficiency: An updated systematic review and meta-analysis.,"Awad AK, et al.",2024,Clin Med (Lond),Journal Article; Meta-Analysis; Systematic Review,eng,meta,2026-09-29T19:20:46+02:00,escluso,E3-non-primario: revisione sistematica e meta-analisi ferro EV vs placebo in HFrEF ‖ B: E3-non-primario: revisione sistematica e meta-analisi del ferro EV nell'HFrEF,,
38874697,10.1007/s11136-024-03642-y,PMC11286717,Hypophosphatemia attenuates improvements in vitality after intravenous iron treatment in patients with inflammatory bowel disease.,"Bjorner JB, et al.",2024,Qual Life Res,Journal Article; Randomized Controlled Trial,eng,wiki+meta,2026-09-20T12:22:28+02:00,incluso,"analisi post hoc del RCT PHOSPHARE-IBD, FDI vs FCM randomizzati in adulti con IBD ‖ B: analisi post hoc di PHOSPHARE-IBD, RCT in doppio cieco FDI vs FCM in adulti con IBD",incluso,"decisione dell'utente (approvazione in blocco, 2026-09-29) — analisi post hoc SF-36 di PHOSPHARE-IBD"
39075673,10.1177/10815589241268462,,Iron and cardiovascular health: A review.,"Othon-Martínez D, et al.",2024,J Investig Med,Journal Article; Review,eng,meta,2026-09-29T16:55:46+02:00,escluso,E3-non-primario: review narrativa ‖ B: E3-non-primario: review narrativa su ferro e salute cardiovascolare,,
39160066,10.1136/heartjnl-2022-322030,PMC11503115,"Treating iron deficiency in patients with heart failure: what, why, when, how, where and who.","Graham FJ, et al.",2024,Heart,"Journal Article; Review; Research Support, Non-U.S. Gov't",eng,meta,2026-09-29T16:55:46+02:00,escluso,E3-non-primario: review narrativa ‖ B: E3-non-primario: review sul trattamento della carenza marziale nello scompenso cardiaco,,
39292421,10.1007/s12325-024-02987-7,PMC11480120,A Cost-Utility Analysis of Ferric Derisomaltose Versus Ferric Carboxymaltose in Patients with Iron Deficiency Anemia in China.,"Zhang F, et al.",2024,Adv Ther,"Journal Article; Comparative Study; Research Support, Non-U.S. Gov't",eng,wiki+meta,2026-09-20T12:22:28+02:00,escluso,"E3-non-primario: analisi costo-utilità con modello, nessun dato primario di RCT ‖ B: E3-non-primario: analisi costo-utilità con modello di simulazione, dati di trial già pubblicati altrove, nessun RCT proprio",,
39332997,10.1016/j.bja.2024.08.030,,Efficacy of intravenous iron supplementation in reducing transfusion risk following cardiac surgery: an updated meta-analysis of randomised controlled trials.,"Hung KC, et al.",2024,Br J Anaesth,Journal Article; Meta-Analysis,eng,meta,2026-09-29T19:20:46+02:00,escluso,E3-non-primario: meta-analisi di RCT ferro EV vs controllo in cardiochirurgia ‖ B: E3-non-primario: meta-analisi del ferro EV per il rischio trasfusionale in cardiochirurgia,,
39408317,10.3390/nu16193350,PMC11478352,Iron Treatment in Patients with Iron Deficiency Before and After Metabolic and Bariatric Surgery: A Narrative Review.,"Kaberi-Otarod J, et al.",2024,Nutrients,Journal Article; Review,eng,meta,2026-09-29T19:20:46+02:00,escluso,E3-non-primario: review narrativa sul ferro nella chirurgia bariatrica ‖ B: E3-non-primario: review narrativa sul ferro nella chirurgia bariatrica,,
39648248,10.1007/s11154-024-09926-5,,No longer to be ignored: Hypophosphatemia following intravenous iron administration.,"Strubbe M, et al.",2025,Rev Endocr Metab Disord,Journal Article; Review,eng,meta,2026-09-29T16:55:46+02:00,escluso,E3-non-primario: review narrativa ‖ B: E3-non-primario: review sull'ipofosfatemia da ferro endovenoso,,
39651609,10.1002/14651858.CD016136,PMC11626698,Effect and safety of intravenous iron compared to oral iron for treatment of iron deficiency anaemia in pregnancy.,"Nicholson L, et al.",2024,Cochrane Database Syst Rev,Journal Article; Systematic Review,eng,meta,2026-09-29T16:55:46+02:00,escluso,E3-non-primario: revisione sistematica Cochrane ‖ B: E3-non-primario: revisione sistematica Cochrane di ferro EV vs orale in gravidanza,,
39670550,10.1002/14651858.CD010861.pub3,PMC11639052,Treatment for women with postpartum iron deficiency anaemia.,"Jensen MCH, et al.",2024,Cochrane Database Syst Rev,Systematic Review; Journal Article; Meta-Analysis,eng,meta,2026-09-29T19:20:46+02:00,escluso,E3-non-primario: revisione sistematica Cochrane sul trattamento dell'anemia sideropenica postpartum ‖ B: E3-non-primario: revisione sistematica Cochrane sul trattamento dell'anemia postpartum,,
39694647,10.1136/bcr-2024-262595,PMC11660047,Severe hypophosphataemia and hypocalcaemia following intravenous ferric derisomaltose and denosumab administration.,"Kritzinger J, Wyse J, Karaplis A",2024,BMJ Case Rep,Journal Article; Case Reports,eng,wiki+meta,2026-09-20T12:22:28+02:00,escluso,E1-non-randomizzato: case report di ipofosfatemia dopo FDI e denosumab ‖ B: E1-non-randomizzato: case report di ipofosfatemia dopo FDI e denosumab,,
39704663,10.1080/13696998.2024.2444833,,Evaluating the cost-utility of ferric derisomaltose versus ferric carboxymaltose in patients with inflammatory bowel disease and iron deficiency anaemia in Norway.,"Detlie TE, et al.",2025,J Med Econ,Journal Article,eng,wiki+meta,2026-09-20T12:22:28+02:00,escluso,"E3-non-primario: analisi costo-utilità con modello di simulazione ‖ B: E3-non-primario: analisi costo-utilità con modello di simulazione, nessun RCT proprio",,
39788722,10.1136/heartjnl-2024-324887,,Gaps in knowledge and management of iron deficiency in heart failure: a nationwide survey of cardiologists in China.,"Su L, et al.",2025,Heart,"Journal Article; Research Support, Non-U.S. Gov't",eng,wiki+meta,2026-09-20T12:22:28+02:00,escluso,"E1-non-randomizzato: survey tra cardiologi, nessun trattamento randomizzato ‖ B: E1-non-randomizzato: sondaggio tra cardiologi, non uno studio randomizzato",,
39835061,10.7759/cureus.76065,PMC11743820,Safety and Efficacy of Ferric Carboxymaltose for Iron Deficiency Anemia in Inflammatory Bowel Disease: A Systematic Review.,"Malireddi A, et al.",2024,Cureus,Journal Article; Review,eng,meta,2026-09-29T19:20:46+02:00,escluso,E3-non-primario: revisione sistematica su FCM nelle IBD ‖ B: E3-non-primario: revisione sistematica su FCM in IBD,,
39909327,10.1016/j.ajog.2025.01.037,,Single-dose intravenous iron vs oral iron for treatment of maternal iron deficiency anemia: a randomized clinical trial.,"Derman RJ, et al.",2025,Am J Obstet Gynecol,"Journal Article; Randomized Controlled Trial; Multicenter Study; Comparative Study; Equivalence Trial; Research Support, N.I.H., Extramural; Research Support, Non-U.S. Gov't",eng,wiki+meta,2026-09-20T12:22:28+02:00,incluso,"RCT a 3 bracci in gravidanza con IDA: FDI, FCM e ferro orale randomizzati 1:1:1; FDI e FCM sono due bracci ‖ B: RCT a 3 bracci in gravidanza con IDA: FDI, FCM e ferro orale randomizzati 1:1:1; i due bracci EV non sono confrontati nell'endpoint primario, ma sono randomizzati e i dati per braccio esistono",incluso,"decisione dell'utente (approvazione in blocco, 2026-09-29) — pubblicazione primaria di RAPIDIRON"
39935027,10.1002/ajh.27598,PMC11966349,Ferric Carboxymaltose (FCM)-Associated Hypophosphatemia (HPP): A Systematic Review.,"Magagnoli J, et al.",2025,Am J Hematol,"Journal Article; Systematic Review; Research Support, Non-U.S. Gov't",eng,meta,2026-09-29T19:20:46+02:00,escluso,E3-non-primario: revisione sistematica sull'ipofosfatemia da FCM ‖ B: E3-non-primario: revisione sistematica sull'ipofosfatemia da FCM,,
39954228,10.1007/s12664-024-01735-7,,Anemia in inflammatory bowel disease-A comprehensive review.,"Dutta AK, et al.",2025,Indian J Gastroenterol,Journal Article; Review,eng,meta,2026-09-29T16:55:46+02:00,escluso,E3-non-primario: review narrativa ‖ B: E3-non-primario: review completa sull'anemia nella IBD,,
40091548,10.4274/tjh.galenos.2025.2025.0034,PMC12099480,"Efficacy, Safety, and Tolerability of Ferric Carboxymaltose and Iron Sucrose in Iron-Deficiency Anemia: A Systematic Review and Meta-Analysis of Randomized Controlled Trials.","Tanrıverdi LH, Sarıcı A",2025,Turk J Haematol,Journal Article; Systematic Review; Meta-Analysis,eng,meta,2026-09-29T19:20:46+02:00,escluso,E3-non-primario: revisione sistematica e meta-analisi di RCT FCM vs iron sucrose ‖ B: E3-non-primario: revisione sistematica e meta-analisi di RCT FCM vs iron sucrose,,
40127959,10.1111/anae.16605,PMC12256158,The use of iron after surgery: a systematic review and meta-analysis.,"Lim J, et al.",2025,Anaesthesia,"Journal Article; Meta-Analysis; Systematic Review; Research Support, Non-U.S. Gov't",eng,meta,2026-09-29T19:20:46+02:00,escluso,E3-non-primario: revisione sistematica e meta-analisi sul ferro postoperatorio ‖ B: E3-non-primario: revisione sistematica e meta-analisi del ferro postoperatorio,,
40159279,10.1038/s41591-025-03671-1,PMC12353798,Systematic review and meta-analysis of intravenous iron therapy for patients with heart failure and iron deficiency.,"Anker SD, et al.",2025,Nat Med,Journal Article; Meta-Analysis; Systematic Review,eng,meta,2026-09-29T19:20:46+02:00,escluso,E3-non-primario: meta-analisi di trial di ferro EV vs placebo nello scompenso cardiaco ‖ B: E3-non-primario: revisione sistematica e meta-analisi di trial di ferro EV vs placebo nello scompenso cardiaco,,
40167340,10.1080/13696998.2025.2487359,,A Swedish cost-utility analysis of ferric derisomaltose versus ferric carboxymaltose in the treatment of iron deficiency anemia in patients with inflammatory bowel disease.,"Lindgren SC, et al.",2025,J Med Econ,Journal Article,eng,wiki+meta,2026-09-20T12:22:28+02:00,escluso,"E3-non-primario: analisi costo-utilità con modello di simulazione ‖ B: E3-non-primario: analisi costo-utilità con modello di simulazione, nessun RCT proprio",,
40327072,10.1007/s00508-025-02521-x,PMC12055910,Diagnosis and treatment of iron deficiency in chronic heart failure : Position statement of the heart failure working group of the Austrian Society of Cardiology.,"Messner M, et al.",2025,Wien Klin Wochenschr,Journal Article; Consensus Statement,eng,meta,2026-09-29T16:55:46+02:00,escluso,E3-non-primario: position statement/consensus ‖ B: E3-non-primario: position statement di consenso sulla carenza marziale nello scompenso cardiaco,,
40363966,10.3390/jcm14092934,PMC12073009,Iron Deficiency Treatment in Heart Failure-Challenges and Therapeutic Solutions.,"Anghel L, et al.",2025,J Clin Med,Journal Article; Review,eng,meta,2026-09-29T16:55:46+02:00,escluso,E3-non-primario: review narrativa ‖ B: E3-non-primario: review sulla carenza marziale nello scompenso cardiaco,,
40466719,10.1111/imj.70100,PMC12347312,"Intravenous administration of ferric derisomaltose is associated with a higher incidence of infusion reactions than ferric carboxymaltose, and unaffected by dilution volume.","Lucas S, et al.",2025,Intern Med J,Journal Article; Comparative Study,eng,wiki+meta,2026-09-20T12:22:28+02:00,escluso,E1-non-randomizzato: coorte retrospettiva matched FDI vs FCM ‖ B: E1-non-randomizzato: coorte retrospettiva appaiata FDI vs FCM,,
40512340,10.1007/s12664-025-01775-7,,Effectiveness and safety of intravenous iron in ulcerative colitis: A real-world study of impact of disease activity and iron preparations.,"Kochai AR, et al.",2026,Indian J Gastroenterol,Journal Article,eng,wiki+meta,2026-09-20T12:22:28+02:00,escluso,"E1-non-randomizzato: studio prospettico monocentrico, farmaco scelto per preferenza del paziente ‖ B: E1-non-randomizzato: studio prospettico monocentrico in cui FCM o iron isomaltoside erano scelti per preferenza del paziente",,
40581114,10.1016/j.xphs.2025.103890,,"Determination of free iron content in pharmaceutical products containing different iron complexes by using polarography method: ""Method development and validation study"".","Kartop RA, et al.",2025,J Pharm Sci,Journal Article; Validation Study,eng,wiki+meta,2026-09-20T12:22:28+02:00,escluso,E4-non-umano: studio analitico di validazione di metodo sul ferro libero nei preparati ‖ B: E4-non-umano: studio di validazione di un metodo polarografico per il ferro libero nei prodotti farmaceutici,,
40603803,10.1007/978-3-031-92033-2_24,,Oral and Intravenous Iron Therapy.,"Steinbicker AU, Pantopoulos K",2025,Adv Exp Med Biol,Journal Article; Review,eng,meta,2026-09-29T16:55:46+02:00,escluso,E3-non-primario: capitolo di review ‖ B: E3-non-primario: capitolo di review su ferro orale ed endovenoso,,
40625824,10.1002/jha2.70094,PMC12232973,Cutaneous Reactions to Iron Infusions: A Case Report and Clinical Review.,"Patil N, et al.",2025,EJHaem,Journal Article,eng,wiki+meta,2026-09-20T12:22:28+02:00,escluso,E1-non-randomizzato: case report con revisione della letteratura ‖ B: E1-non-randomizzato: case report di reazione cutanea al ferro EV con breve review,,
40727015,10.1016/j.eclinm.2025.103361,PMC12303006,Timing of intravenous iron for treatment of anaemia in surgical patients: a systematic review and network meta-analysis.,"Liu C, et al.",2025,EClinicalMedicine,Journal Article,eng,meta,2026-09-29T19:20:46+02:00,escluso,E3-non-primario: revisione sistematica e network meta-analysis sul timing del ferro EV in chirurgia ‖ B: E3-non-primario: revisione sistematica e network meta-analisi sul timing del ferro EV in chirurgia,,
40896039,10.7759/cureus.88989,PMC12393136,Intravenous Iron Therapy in Patients Admitted With Acute Heart Failure and Iron Deficiency: A Systematic Review and Meta-Analysis.,"Lopez V, et al.",2025,Cureus,Journal Article; Review,eng,meta,2026-09-29T19:20:46+02:00,escluso,E3-non-primario: revisione sistematica e meta-analisi del ferro EV nello scompenso acuto ‖ B: E3-non-primario: revisione sistematica e meta-analisi del ferro EV nello scompenso acuto,,
40935025,10.1016/j.ejps.2025.107265,PMC12924155,Distinct roles of ferric carboxymaltose and ferric derisomaltose on phosphate homeostasis in iron deficiency anemia.,"Dominguez Rieg JA, et al.",2025,Eur J Pharm Sci,Journal Article,eng,wiki+meta,2026-09-20T12:22:28+02:00,escluso,"E4-non-umano: modello murino di IDA, FCM vs FDI ‖ B: E4-non-umano: confronto FCM vs FDI in un modello murino di anemia sideropenica",,
41080322,10.7759/cureus.92087,PMC12515091,Comparative Effectiveness and Safety of Intravenous Versus Oral Iron Therapy With Iron-Deficient Heart Failure: A Network Meta-Analysis of Randomized Controlled Trials.,"Patel PN, Mangal D, Singh D",2025,Cureus,Journal Article; Review,eng,meta,2026-09-29T16:55:46+02:00,escluso,E3-non-primario: network meta-analisi ‖ B: E3-non-primario: meta-analisi a rete di ferro EV vs orale nello scompenso cardiaco,,
41081933,10.1007/s00431-025-06522-w,PMC12518418,The effect of intravenous iron supplementation compared to oral iron supplementation during pregnancy on neonatal outcomes-a systematic review of randomized controlled trials.,"Kuitunen I, et al.",2025,Eur J Pediatr,Journal Article; Systematic Review; Meta-Analysis; Comparative Study,eng,meta,2026-09-29T19:20:46+02:00,escluso,E3-non-primario: revisione sistematica e meta-analisi ferro EV vs orale in gravidanza ‖ B: E3-non-primario: revisione sistematica e meta-analisi ferro EV vs orale in gravidanza,,
41177386,10.1016/j.ejphar.2025.178314,,Intravenous ferric carboxymaltose for iron deficiency in heart failure patients: A meta-analysis with trial sequential analysis.,"Shalabi L, et al.",2025,Eur J Pharmacol,Journal Article; Meta-Analysis; Systematic Review,eng,meta,2026-09-29T19:20:46+02:00,escluso,E3-non-primario: meta-analisi con trial sequential analysis di FCM vs placebo nello scompenso ‖ B: E3-non-primario: meta-analisi con trial sequential analysis di FCM vs placebo nello scompenso,,
41187664,10.1016/j.jclinane.2025.112062,,Efficacy and safety of intravenous iron supplementation for perioperative iron deficiency anemia: a systematic review and network meta-analysis of randomized controlled trials.,"Xue Q, et al.",2026,J Clin Anesth,Journal Article; Systematic Review; Network Meta-Analysis,eng,meta,2026-09-29T16:55:46+02:00,escluso,E3-non-primario: revisione sistematica e network meta-analisi ‖ B: E3-non-primario: revisione sistematica e meta-analisi a rete sul ferro EV perioperatorio,,
41211251,10.14740/jh2111,PMC12591239,"Iron-Induced Hypophosphatemia: A Review of Pathophysiology, Drug Safety, and Pharmacogenomic Perspectives.",Pozzessere S,2025,J Hematol,Journal Article; Review,eng,meta,2026-09-29T19:20:46+02:00,escluso,E3-non-primario: review narrativa sull'ipofosfatemia da ferro EV ‖ B: E3-non-primario: review narrativa sull'ipofosfatemia da ferro EV,,
41347233,10.3389/frhs.2025.1690519,PMC12672858,Economic evaluation of intravenous iron formulations for patients with iron deficiency anemia: a systematic review.,"Xing Z, et al.",2025,Front Health Serv,Journal Article; Systematic Review,eng,meta,2026-09-29T16:55:46+02:00,escluso,E3-non-primario: revisione sistematica di valutazioni economiche dei ferri EV ‖ B: E3-non-primario: revisione sistematica di valutazioni economiche del ferro EV,,
41375693,10.3390/jcm14238393,PMC12693700,"Risk of Hypophosphatemia Following Postpartum Anemia Treatment with IV Ferric Carboxymaltose, IV Ferric Derisomaltose, and Oral Ferrous Sulfate.","Tavčar LB, et al.",2025,J Clin Med,Journal Article,eng,wiki+meta,2026-09-20T12:22:28+02:00,incluso,RCT open-label randomizzato FCM vs FDI vs ferro orale in donne con anemia post-partum ‖ B: RCT open-label randomizzato FCM vs FDI vs ferro orale in donne adulte con anemia post-partum,incluso,"decisione dell'utente (approvazione in blocco, 2026-09-29) — pubblicazione con esito ipofosfatemia del trial di Lubiana"
41445555,10.1093/jbmrpl/ziaf014,PMC12723802,"Prevalence, predictors, and natural history of hypophosphatemia following iron infusion.","Dawson C, et al.",2025,JBMR Plus,Journal Article,eng,wiki+meta,2026-09-20T12:22:28+02:00,escluso,E1-non-randomizzato: studio retrospettivo di prevalenza dell'ipofosfatemia dopo infusione di ferro ‖ B: E1-non-randomizzato: studio retrospettivo su infusioni di ferro in un ospedale terziario,,
41503041,10.3389/fpubh.2025.1696787,PMC12771771,PRAYAS: individual patient data meta-analysis database for Pooled Research and Analysis for Yielding Anemia-free Solutions in India.,"Pandey AK, et al.",2025,Front Public Health,Journal Article,eng,wiki+meta,2026-09-20T12:22:28+02:00,incluso,decisione dell'utente sul dubbio — database IPD PRAYAS con FCM e iron isomaltoside: verificare sul fulltext se contiene RCT testa a testa,escluso,"E3-non-primario: decisione dell'utente (approvazione in blocco, 2026-09-29) — profilo del database IPD PRAYAS, nessun dato per braccio"
41541984,10.7759/cureus.99274,PMC12802374,Potential Benefit of Intravenous Iron Monotherapy for Grade 2-3 Chemotherapy-Induced Anemia Irrespective of Transferrin Saturation Levels.,"Ueda T, et al.",2025,Cureus,Journal Article,eng,wiki+meta,2026-09-20T12:22:28+02:00,escluso,E1-non-randomizzato: revisione retrospettiva di 20 pazienti oncologici trattati con FCM o FDI ‖ B: E1-non-randomizzato: revisione retrospettiva di 20 pazienti oncologici trattati con FCM o FDI,,
41681887,10.3390/cancers18030416,PMC12896494,High-Dose Intravenous Ferric Carboxymaltose/Derisomaltose Without ESAs for Cancer-Related Anemia in Japan: A Retrospective Single-Center Cohort Study.,"Kajiura S, et al.",2026,Cancers (Basel),Journal Article,eng,wiki+meta,2026-09-20T12:22:28+02:00,escluso,E1-non-randomizzato: coorte retrospettiva monocentrica FCM/FDI in anemia oncologica ‖ B: E1-non-randomizzato: coorte retrospettiva monocentrica FCM/FDI in anemia oncologica,,
41682243,10.3390/healthcare14030393,PMC12897823,The Significance of Hypophosphatemia in Deciding on an Optimal Clinical Choice of Parenteral Iron Therapy in Patients with Chronic Inflammatory Bowel Disease in Slovenia: An Umbrella Review and Economic Evaluation.,"Hren R, et al.",2026,Healthcare (Basel),Journal Article,eng,wiki+meta,2026-09-20T12:22:28+02:00,escluso,E3-non-primario: umbrella review con analisi economica basata su modello di microsimulazione ‖ B: E3-non-primario: umbrella review con analisi economica basata su modello di microsimulazione,,
41686372,10.1007/s10534-026-00794-x,PMC13230282,Iron overload induced by ferric derisomaltose and ferric carboxymaltose both increase FGF-23 levels and lead to osteomalacia and bone loss in normal mice.,"Le-Phuoc XT, et al.",2026,Biometals,Journal Article,eng,wiki+meta,2026-09-20T12:22:28+02:00,escluso,E4-non-umano: studio su topi sani ‖ B: E4-non-umano: studio su topi sani con FDI e FCM,,
41711738,10.1093/eschf/xvaf018,PMC13108314,Intravenous ferric carboxymaltose in patients with heart failure and iron deficiency: a systematic review and meta-analysis of randomized controlled trials with trial sequential analysis.,"Ahmed M, et al.",2026,ESC Heart Fail,Journal Article; Systematic Review; Meta-Analysis,eng,meta,2026-09-29T19:20:46+02:00,escluso,E3-non-primario: revisione sistematica e meta-analisi di RCT FCM vs placebo/standard care nello scompenso ‖ B: E3-non-primario: revisione sistematica e meta-analisi di RCT FCM vs placebo o standard care nello scompenso,,
41849242,10.1182/blood.2025031806,PMC13389865,Ferric carboxymaltose increases fracture risk in patients and reduces bone formation in mice with iron deficiency anemia.,"Wagner SA, et al.",2026,Blood,Journal Article,eng,wiki+meta,2026-09-20T12:22:28+02:00,escluso,"E1-non-randomizzato: coorte di 357 pazienti, database TriNetX e modello murino, senza randomizzazione ‖ B: E1-non-randomizzato: coorte di 357 pazienti e database TriNetX, più esperimenti su topi e in vitro; nessuna randomizzazione",,
41881665,10.1111/vox.70241,PMC13357008,Parenteral iron-Does it increase infection risk?,"Deb J, et al.",2026,Vox Sang,Journal Article; Review,eng,meta,2026-09-29T16:55:46+02:00,escluso,E3-non-primario: revisione narrativa su ferro parenterale e rischio infettivo ‖ B: E3-non-primario: review narrativa sul rischio infettivo del ferro parenterale,,
41921282,10.1016/j.htct.2026.106435,PMC13068807,Time-dependent trade-offs among intravenous iron formulations for iron-deficiency anemia: a longitudinal systematic review and network meta-analysis.,"de Azevedo Filho FM, et al.",2026,Hematol Transfus Cell Ther,Journal Article; Review,eng,meta,2026-09-29T16:55:46+02:00,escluso,E3-non-primario: revisione sistematica con network meta-analisi ‖ B: E3-non-primario: revisione sistematica con network meta-analisi,,
42045095,10.1080/14767058.2026.2660016,,Response of reticulocyte and red blood cell indices to single-dose intravenous iron in pregnant women with moderate iron deficiency anemia: secondary analysis of the RAPIDIRON trial.,"Somannavar MS, et al.",2026,J Matern Fetal Neonatal Med,Journal Article; Randomized Controlled Trial; Multicenter Study,eng,wiki+meta,2026-09-20T12:22:28+02:00,incluso,"analisi secondaria del trial RAPIDIRON, RCT a tre bracci FCM vs FDI vs ferro orale in gravidanza ‖ B: analisi secondaria del trial RAPIDIRON, RCT a tre bracci FCM vs FDI vs ferro orale in gravide con IDA",incluso,"decisione dell'utente (approvazione in blocco, 2026-09-29) — analisi secondaria di RAPIDIRON (indici eritrocitari)"
42069102,10.1016/j.ajog.2026.04.038,,Association between hematologic response to iron therapy and risk of stillbirth in pregnant singletons with moderate iron deficiency anemia.,"Boelig RC, et al.",2026,Am J Obstet Gynecol,Journal Article; Multicenter Study; Randomized Controlled Trial,eng,wiki+meta,2026-09-20T12:22:28+02:00,incluso,"analisi secondaria di RCT multicentrico con bracci FDI, FCM e ferro orale randomizzati ‖ B: analisi secondaria di RCT multicentrico con bracci FDI, FCM e ferro orale in gravide con IDA moderata",incluso,"decisione dell'utente (approvazione in blocco, 2026-09-29) — analisi secondaria di RAPIDIRON (natimortalità)"
42078226,10.7759/cureus.106291,PMC13134476,Intravenous and Oral Iron Strategies for Iron-Deficiency Anemia in Pregnancy: A Systematic Review of Randomized Controlled Trials From a Hematology Perspective.,"Guerra Toro HI, et al.",2026,Cureus,Journal Article; Review,eng,meta,2026-09-29T19:20:46+02:00,escluso,E3-non-primario: revisione sistematica qualitativa di RCT sul ferro in gravidanza ‖ B: E3-non-primario: revisione sistematica qualitativa di RCT di ferro in gravidanza,,
42111869,10.1016/j.mjafi.2025.04.008,PMC13153838,"Phase III, randomized, single blind, comparative safety, and efficacy trial of intravenous iron isomaltoside (i3R) and ferric carboxy maltose in subjects with iron deficiency anaemia.","Yanamandra U, et al.",2026,Med J Armed Forces India,Journal Article,eng,wiki+meta,2026-09-20T12:22:28+02:00,incluso,RCT fase III single-blind randomizzato FDI (iron isomaltoside i3R) vs FCM in adulti con IDA ‖ B: RCT randomizzato single-blind fase III iron isomaltoside (i3R) vs FCM in adulti con IDA,incluso,"decisione dell'utente (approvazione in blocco, 2026-09-29) — pubblicazione primaria del trial i3R vs FCM (CTRI/2023/1/048725)"
42355917,10.3390/jcm15124748,PMC13301631,Hypophosphatemia in Patients Receiving Intravenous Iron Supplementation for Iron-Deficiency Anemia: A Narrative Review.,"Inghilleri G, Franchini M",2026,J Clin Med,Journal Article; Review,eng,meta,2026-09-29T16:55:46+02:00,escluso,E3-non-primario: revisione narrativa sull'ipofosfatemia da ferro EV ‖ B: E3-non-primario: review narrativa sull'ipofosfatemia da ferro EV,,
42400778,10.1007/s10147-026-03122-y,,Three-month follow-up of high-dose intravenous iron monotherapy for cancer-related anemia in an ESA-free oncology setting: a real-world cohort study.,"Kajiura S, et al.",2026,Int J Clin Oncol,Journal Article,eng,wiki+meta,2026-09-20T12:22:28+02:00,escluso,E1-non-randomizzato: coorte retrospettiva monocentrica di follow-up a 3 mesi ‖ B: E1-non-randomizzato: coorte retrospettiva monocentrica di follow-up a 3 mesi in anemia oncologica,,
42419988,10.11406/rinketsu.67.558,,[Iron deficiency and iron deficiency anemia].,Ikuta K,2026,Rinsho Ketsueki,Journal Article; Review; English Abstract,jpn,meta,2026-09-29T16:55:46+02:00,escluso,E3-non-primario: rassegna narrativa su carenza marziale e IDA ‖ B: E3-non-primario: review in giapponese su carenza di ferro e anemia sideropenica,,
42441103,10.1093/ckj/sfag172,PMC13335104,A systematic review investigating the safety and efficacy of intravenous iron in people with ND-CKD who are iron deficient but not anaemic.,"Spencer S, et al.",2026,Clin Kidney J,Journal Article,eng,meta,2026-09-29T19:20:46+02:00,escluso,E3-non-primario: revisione sistematica del ferro EV nella CKD non dialitica senza anemia ‖ B: E3-non-primario: revisione sistematica del ferro EV nella ND-CKD senza anemia,,
42464571,10.1080/13696998.2026.2692303,,Casemix-based budget impact analysis of ferric derisomaltose versus ferric carboxymaltose in patients with inflammatory bowel disease and iron deficiency anaemia in the Netherlands.,"Oron UH, Koek G, Fijn R",2026,J Med Econ,Journal Article,eng,wiki+meta,2026-09-20T12:22:28+02:00,escluso,"E1-non-randomizzato: budget impact analysis basata su modello di dati ospedalieri, non un RCT ‖ B: E1-non-randomizzato: budget impact analysis basata su modello e dati amministrativi, non un RCT",,
42498915,10.1007/s11739-026-04470-3,,Hypophosphatemia after intravenous ferric carboxymaltose in lung transplant recipients.,"Pumo F, et al.",2026,Intern Emerg Med,Journal Article,eng,wiki+meta,2026-09-20T12:22:28+02:00,escluso,E1-non-randomizzato: studio retrospettivo monocentrico su solo FCM in trapiantati di polmone ‖ B: E1-non-randomizzato: studio retrospettivo monocentrico su ipofosfatemia dopo solo FCM in trapiantati di polmone,,
42502637,10.1016/j.ijcha.2026.101976,PMC13400243,Rationale and design of the RISE-HF trial: sucrosomial iron in heart failure.,"Masini G, et al.",2026,Int J Cardiol Heart Vasc,Journal Article,eng,meta,2026-09-29T19:20:46+02:00,escluso,"E2-manca-FDI-o-FCM: protocollo di RCT ferro sucrosomiale orale vs placebo, nessun braccio FDI o FCM ‖ B: E2-manca-FDI-o-FCM: protocollo di RCT di ferro sucrosomiale orale vs placebo",,
42555980,10.1139/cjpp-2026-0014,,Is iron therapy indicated for heart failure with reduced ejection fraction patients?,"Jadoon Y, Kahn M",2026,Can J Physiol Pharmacol,Journal Article; Review,eng,meta,2026-09-29T16:55:46+02:00,escluso,E3-non-primario: review sul ferro nello scompenso cardiaco ‖ B: E3-non-primario: review narrativa sul ferro nello scompenso cardiaco a FE ridotta,,
42747867,10.1182/bloodadvances.2026019945,,Systematic Review and Meta-Analysis of Hypersensitivity Reactions after High-dose Intravenous Iron.,"Divers S, et al.",2026,Blood Adv,Journal Article,eng,wiki+meta,2026-09-20T12:22:28+02:00,escluso,E3-non-primario: revisione sistematica e meta-analisi delle reazioni di ipersensibilità ‖ B: E3-non-primario: revisione sistematica e meta-analisi sulle reazioni di ipersensibilità,,
42764866,10.7759/cureus.114912,PMC13589829,Intravenous Iron Therapy in Heart Failure With Iron Deficiency: An Umbrella Review of Systematic Reviews and Meta-Analyses.,"Kshatri AHS, et al.",2026,Cureus,Journal Article; Review,eng,meta,2026-09-29T16:55:46+02:00,escluso,E3-non-primario: umbrella review di revisioni sistematiche sul ferro EV nello scompenso cardiaco ‖ B: E3-non-primario: umbrella review di revisioni sistematiche e meta-analisi nello scompenso cardiaco,,
9148651,10.7326/0003-4819-126-10-199705150-00006,,"Intravenous iron and erythropoietin for anemia associated with Crohn disease. A randomized, controlled trial.","Gasché C, et al.",1997,Ann Intern Med,Clinical Trial; Journal Article; Randomized Controlled Trial,eng,meta,2026-09-29T19:20:46+02:00,escluso,E2-manca-FDI-o-FCM: RCT eritropoietina vs placebo con ferro saccarato in tutti i bracci ‖ B: E2-manca-FDI-o-FCM: RCT di eritropoietina vs placebo con ferro saccarato in tutti i pazienti,,
DOI-10.1007_s40274-018-5527-5,10.1007/s40274-018-5527-5,,Switch from Ferinject to Monofer reduces infusions and costs,,2018,PharmacoEconomics &amp; Outcomes News 818 1 29-29,Crossref type journal-article,,meta,2026-09-29T17:45:23+02:00,escluso,"E3-non-primario: notizia di farmacoeconomia (PharmacoEconomics & Outcomes News) sul passaggio da Ferinject a Monofer, costi e infusioni ‖ B: E3-non-primario: notizia di farmacoeconomia (riduzione di infusioni e costi con il passaggio da Ferinject a Monofer), senza abstract, non è uno studio primario",,
DOI-10.1007_s40278-017-33473-1,10.1007/s40278-017-33473-1,,Iron isomaltoside-1000/ferric carboxymaltose,,2017,Reactions Weekly 1661 1 185-185,Crossref type journal-article,,meta,2026-09-29T17:45:23+02:00,incluso,"decisione dell'utente sul dubbio — solo titolo (Reactions Weekly): soglia larga, si verifica sul fulltext",escluso,"E1-non-randomizzato: decisione dell'utente (approvazione in blocco, 2026-09-29) — riassunto di studio retrospettivo (Reactions Weekly)"
DOI-10.1016_j.ekir.2026.103853,10.1016/j.ekir.2026.103853,,WCN26-8528 FERRIC CARBOXYMALTOSE VERSUS FERRIC DERISOMALTOSE: IMPACT ON HYPOPHOSPHATEMIA - A CASE REPORT,,2026,Kidney International Reports 11 4 103853,Crossref type journal-article,,meta,2026-09-29T17:45:23+02:00,escluso,E1-non-randomizzato: case report di ipofosfatemia dopo FCM rispetto a FDI (titolo dichiara A CASE REPORT) ‖ B: E1-non-randomizzato: case report di ipofosfatemia con FCM vs FDI,,
DOI-10.1016_j.jval.2018.09.2624,10.1016/j.jval.2018.09.2624,,PSY47 - AN ECONOMIC EVALUATION OF IRON ISOMALTOSIDE 1000 VERSUS FERRIC CARBOXYMALTOSE IN PATIENTS WITH INFLAMMATORY BOWEL DISEASE AND IRON DEFICIENCY ANEMIA IN DENMARK,,2018,Value in Health 21 S443-S444,Crossref type journal-article,,meta,2026-09-29T17:45:23+02:00,escluso,"E3-non-primario: valutazione economica FDI vs FCM in IBD, Danimarca ‖ B: E3-non-primario: valutazione economica FDI vs FCM in IBD (Danimarca)",,
DOI-10.1016_j.jval.2019.04.1829,10.1016/j.jval.2019.04.1829,,PSY4 A SYSTEMATIC LITERATURE REVIEW AND INDIRECT COMPARISON OF IRON ISOMALTOSIDE AND FERRIC CARBOXYMALTOSE IN IRON DEFICIENCY ANAEMIA AFTER FAILURE OR INTOLERANCE OF ORAL IRON TREATMENT,,2019,Value in Health 22 S374,Crossref type journal-article,,meta,2026-09-29T17:45:23+02:00,escluso,"E3-non-primario: revisione sistematica della letteratura e confronto indiretto, non un RCT ‖ B: E3-non-primario: revisione sistematica e confronto indiretto FDI vs FCM",,
DOI-10.1016_j.jval.2020.04.1441,10.1016/j.jval.2020.04.1441,,PSY14 A PATIENT-LEVEL COST-EFFECTIVENESS ANALYSIS OF IRON ISOMALTOSIDE VERSUS FERRIC CARBOXYMALTOSE FOR THE TREATMENT OF IRON DEFICIENCY ANEMIA IN THE UNITED KINGDOM,,2020,Value in Health 23 S373,Crossref type journal-article,,meta,2026-09-29T17:45:23+02:00,escluso,E3-non-primario: analisi costo-efficacia (modello) nel Regno Unito ‖ B: E3-non-primario: analisi costo-efficacia (Regno Unito),,
DOI-10.1016_j.jval.2020.08.2017,10.1016/j.jval.2020.08.2017,,"PSY9 An Economic Analysis of Ferric Derisomaltose Versus Ferric Carboxymaltose in the Nordics: Norway, Sweden, and Finland",,2020,Value in Health 23 S743,Crossref type journal-article,,meta,2026-09-29T17:45:23+02:00,escluso,E3-non-primario: analisi economica nei paesi nordici ‖ B: E3-non-primario: analisi economica nei paesi nordici,,
DOI-10.1016_j.jval.2022.04.1447,10.1016/j.jval.2022.04.1447,,PCR104 Improvements in Health Utility Scores after Administration of Ferric Derisomaltose Versus Ferric Carboxymaltose in Patients with Inflammatory Bowel Disease and Iron Deficiency Anemia,,2022,Value in Health 25 7 S560,Crossref type journal-article,,meta,2026-09-29T17:45:23+02:00,incluso,"abstract congressuale senza testo: utilità di salute dopo FDI vs FCM in IBD con IDA, potrebbe essere analisi secondaria di RCT testa a testa; si decide sul fulltext ‖ B: punteggi di utilità dopo FDI vs FCM in IBD e IDA: probabile analisi secondaria dell'RCT PHOSPHARE-IBD, abstract non disponibile",incluso,"decisione dell'utente (approvazione in blocco, 2026-09-29) — abstract PCR104 (ISPOR 2022) di PHOSPHARE-IBD; età dal trial (dubbio risolto)"
DOI-10.1016_j.jval.2022.09.1457,10.1016/j.jval.2022.09.1457,,HSD114 Reductions in Travel Time and Carbon Dioxide Emissions Arising From Patient Transportation to Hospitals in England for Treatment With Intravenous Iron: An Analysis Comparing Ferric Derisomaltose With Ferric Carboxymaltose,,2022,Value in Health 25 12 S295,Crossref type journal-article,,meta,2026-09-29T17:45:23+02:00,escluso,"E3-non-primario: analisi di modellizzazione di tempi di viaggio ed emissioni di CO2, non dati di RCT ‖ B: E3-non-primario: analisi di modello su tempi di viaggio ed emissioni di CO2, non uno studio primario randomizzato",,
DOI-10.1016_j.jval.2022.09.502,10.1016/j.jval.2022.09.502,,EE254 A Cost-Utility Analysis of Ferric Derisomaltose Versus Ferric Carboxymaltose in Patients With Inflammatory Bowel Disease in Italy,,2022,Value in Health 25 12 S103,Crossref type journal-article,,meta,2026-09-29T17:45:23+02:00,escluso,E3-non-primario: analisi costo-utilità in Italia (modello economico) ‖ B: E3-non-primario: analisi costo-utilità (Italia),,
DOI-10.1016_j.jval.2022.09.641,10.1016/j.jval.2022.09.641,,EE395 A Cost-Utility Analysis of Ferric Derisomaltose Versus Ferric Carboxymaltose in Patients With Inflammatory Bowel Disease in the United Kingdom,,2022,Value in Health 25 12 S133,Crossref type journal-article,,meta,2026-09-29T17:45:23+02:00,escluso,E3-non-primario: analisi costo-utilità nel Regno Unito (modello economico) ‖ B: E3-non-primario: analisi costo-utilità (Regno Unito),,
DOI-10.1016_j.jval.2023.09.384,10.1016/j.jval.2023.09.384,,EE114 Reductions in Travel Time and CO2 Emissions Arising From Patient Transportation to Hospitals in Ireland for Treatment With Intravenous Iron: An Analysis Comparing Ferric Derisomaltose With Ferric Carboxymaltose,,2023,Value in Health 26 12 S72-S73,Crossref type journal-article,,meta,2026-09-29T17:45:23+02:00,escluso,E3-non-primario: analisi di modellizzazione di tempi di viaggio ed emissioni di CO2 in Irlanda ‖ B: E3-non-primario: analisi di modello su tempi di viaggio ed emissioni di CO2 (Irlanda),,
DOI-10.1016_j.jval.2023.09.533,10.1016/j.jval.2023.09.533,,EE266 A Cost-Utility Analysis of Ferric Derisomaltose Versus Ferric Carboxymaltose in Patients With Iron Deficiency Anemia in China,,2023,Value in Health 26 12 S102-S103,Crossref type journal-article,,meta,2026-09-29T17:45:23+02:00,escluso,E3-non-primario: analisi costo-utilità in Cina (modello economico) ‖ B: E3-non-primario: analisi costo-utilità (Cina),,
DOI-10.1016_j.jval.2023.09.684,10.1016/j.jval.2023.09.684,,EE418 Cost-Utility Analysis of Ferric Derisomaltose Versus Ferric Carboxymaltose in Treating Iron Deficiency Anemia in Norwegian Patients With Inflammatory Bowel Disease,,2023,Value in Health 26 12 S131,Crossref type journal-article,,meta,2026-09-29T17:45:23+02:00,escluso,E3-non-primario: analisi costo-utilità in Norvegia (modello economico) ‖ B: E3-non-primario: analisi costo-utilità (Norvegia),,
DOI-10.1016_j.jval.2023.09.835,10.1016/j.jval.2023.09.835,,EE570 A Swedish Cost-Utility Analysis of Ferric Derisomaltose Versus Ferric Carboxymaltose in the Treatment of Iron Deficiency Anemia in Patients With Inflammatory Bowel Disease,,2023,Value in Health 26 12 S162,Crossref type journal-article,,meta,2026-09-29T17:45:23+02:00,escluso,E3-non-primario: analisi costo-utilità in Svezia (modello economico) ‖ B: E3-non-primario: analisi costo-utilità (Svezia),,
DOI-10.1016_j.jval.2024.03.368,10.1016/j.jval.2024.03.368,,EE68 A UK Cost-Utility Analysis of Ferric Carboxymaltose Versus Ferric Derisomaltose in Patients with Iron Deficiency Anemia and Inflammatory Bowel Disease: Incorporation of Fracture Data,,2024,Value in Health 27 6 S69-S70,Crossref type journal-article,,meta,2026-09-29T17:45:23+02:00,escluso,E3-non-primario: analisi costo-utilità nel Regno Unito con dati sulle fratture (modello economico) ‖ B: E3-non-primario: analisi costo-utilità (Regno Unito) con dati sulle fratture,,
DOI-10.1016_j.jval.2024.10.596,10.1016/j.jval.2024.10.596,,EE314 A Cost-Utility Analysis in Patients With Inflammatory Bowel Disease and Iron Deficiency Anemia in the Netherlands: Reduced Hypophosphatemia and Fracture Incidence With Ferric Derisomaltose Versus Ferric Carboxymaltose,,2024,Value in Health 27 12 S116,Crossref type journal-article,,meta,2026-09-29T17:45:23+02:00,escluso,E3-non-primario: analisi costo-utilità nei Paesi Bassi (modello economico) ‖ B: E3-non-primario: analisi costo-utilità (Paesi Bassi),,
DOI-10.1016_j.jval.2024.10.622,10.1016/j.jval.2024.10.622,,EE340 Ferric Derisomaltose Improves Quality of Life and Reduces Costs Relative to Ferric Carboxymaltose in Patients With Inflammatory Bowel Disease and Iron Deficiency Anemia in Italy: Impact of Fractures,,2024,Value in Health 27 12 S121-S122,Crossref type journal-article,,meta,2026-09-29T17:45:23+02:00,escluso,E3-non-primario: analisi economica in Italia sull'impatto delle fratture (modello) ‖ B: E3-non-primario: analisi economica (Italia) con impatto delle fratture,,
DOI-10.1016_j.jval.2025.09.402,10.1016/j.jval.2025.09.402,,EE16 A Cost-Utility Analysis of Ferric Derisomaltose vs. Ferric Carboxymaltose in Patients with Iron Deficiency Anemia and Inflammatory Bowel Disease in the United Kingdom: Accounting for Difference in Fracture Risk,,2025,Value in Health 28 12 S101,Crossref type journal-article,,meta,2026-09-29T17:45:23+02:00,escluso,E3-non-primario: analisi costo-utilità nel Regno Unito (modello economico) ‖ B: E3-non-primario: analisi costo-utilità (Regno Unito),,
DOI-10.1016_j.jval.2025.09.822,10.1016/j.jval.2025.09.822,,"EE439 Evaluating the Costs of Perioperative Iron-Deficiency Anemia Management in China: A Comparison of Ferric Derisomaltose, Ferric Carboxymaltose, and Usual Care",,2025,Value in Health 28 12 S192,Crossref type journal-article,,meta,2026-09-29T17:45:23+02:00,escluso,"E3-non-primario: analisi dei costi (modello) in Cina, con confronto FDI, FCM e usual care ‖ B: E3-non-primario: confronto di costi (Cina), modello economico",,
DOI-10.1016_j.rpth.2026.106730,10.1016/j.rpth.2026.106730,,EP3T6_5 Adverse events of intravenous ferric derisomaltose and ferric carboxymaltose in pregnancy and surgery: Systematic review,,2026,Research and Practice in Thrombosis and Haemostasis 10 106730,Crossref type journal-article,,meta,2026-09-29T17:45:23+02:00,escluso,E3-non-primario: revisione sistematica degli eventi avversi di FDI e FCM in gravidanza e chirurgia ‖ B: E3-non-primario: revisione sistematica degli eventi avversi di FDI e FCM in gravidanza e chirurgia,,
DOI-10.1016_j.rpth.2026.106749,10.1016/j.rpth.2026.106749,,EP3_T7_2 Peri-operative IV iron in major abdominal surgery in the UK: a cost impact model comparing ferric derisomaltose and ferric carboxymaltose with usual care,,2026,Research and Practice in Thrombosis and Haemostasis 10 106749,Crossref type journal-article,,meta,2026-09-29T17:45:23+02:00,escluso,"E3-non-primario: modello di impatto sui costi (cost impact model) per chirurgia addominale nel Regno Unito ‖ B: E3-non-primario: modello di impatto sui costi (chirurgia addominale, Regno Unito)",,
DOI-10.1093_ecco-jcc_jjab073.128,10.1093/ecco-jcc/jjab073.128,,DOP89 Effects of ferric derisomaltose and ferric carboxymaltose on hypophosphatemia in iron-deficiency anaemia due to Inflammatory Bowel Disease: A Phase IV randomised clinical trial,,2021,Journal of Crohn's and Colitis 15 Supplement_1 S121-S121,Conference abstract (journal supplement),,meta,2026-09-29T17:34:57+02:00,incluso,"abstract congressuale di RCT di fase IV in doppio cieco, adulti con IBD e IDA randomizzati 1:1 a FDI o FCM (NCT03466983, PHOSPHARE-IBD) ‖ B: abstract congressuale di RCT di fase IV in doppio cieco, FDI vs FCM randomizzati 1:1 in adulti con IDA da IBD (NCT03466983)",incluso,"decisione dell'utente (approvazione in blocco, 2026-09-29) — abstract DOP89 (ECCO 2021) di PHOSPHARE-IBD"
DOI-10.1093_ecco-jcc_jjad212.1180,10.1093/ecco-jcc/jjad212.1180,,P1050 A cost-utility analysis of ferric derisomaltose versus ferric carboxymaltose in patients with inflammatory bowel disease and iron deficiency anaemia in Finland,,2024,Journal of Crohn's and Colitis 18 Supplement_1 i1885-i1886,Crossref type journal-article; journal supplement,,meta,2026-09-29T17:45:23+02:00,escluso,"E3-non-primario: analisi costo-utilità in Finlandia, modello di simulazione che usa dati di RCT ma non li riporta come dati originali ‖ B: E3-non-primario: analisi costo-utilità in Finlandia basata su un modello di simulazione, anche se usa dati di RCT",,
DOI-10.1093_ecco-jcc_jjae190.1309,10.1093/ecco-jcc/jjae190.1309,,P1135 Comparing Hypophosphataemia Risk and Complications Between Ferric Carboxymaltose and Other IV Iron Formulations in General and Inflammatory Bowel Disease Populations,,2025,Journal of Crohn's and Colitis 19 Supplement_1 i2077-i2077,Crossref type journal-article; journal supplement,,meta,2026-09-29T17:45:23+02:00,escluso,"E1-non-randomizzato: studio retrospettivo con propensity matching su TriNetX, FCM vs altri ferri EV ‖ B: E1-non-randomizzato: studio retrospettivo con propensity matching su TriNetX, FCM contro altri ferri EV",,
DOI-10.1093_ecco-jcc_jjy222.847,10.1093/ecco-jcc/jjy222.847,,P723 Incidence of hypophosphatemia in patients with inflammatory bowel disease treated with iron isomaltoside or ferric carboxymaltose: results of a prospective cluster randomised cohort study,,2019,Journal of Crohn's and Colitis 13 Supplement_1 S482-S483,Conference abstract (journal supplement),,meta,2026-09-29T17:34:57+02:00,escluso,"E1-non-randomizzato: decisione dell'utente sul dubbio — due ospedali, uno usa FDI e l'altro FCM: i pazienti non sono randomizzati (l'articolo completo 31264261 è già escluso come osservazionale)",,
DOI-10.1093_ndt_gfac072.005,10.1093/ndt/gfac072.005,,"MO523: The Differential Effect of Third-Generation Intravenous Iron Preparations (Ferric Carboxymaltose, Ferric Derisomaltose) on Hematinic and Renal Function Variables in Patients With Non-Dialysis Dependent CKD and Iron Deficiency Anemia",,2022,Nephrology Dialysis Transplantation 37 Supplement_3,Crossref type journal-article; journal supplement,,meta,2026-09-29T17:45:23+02:00,incluso,"abstract congressuale di RCT in doppio cieco (ExplorIRON-CKD), FDI vs FCM randomizzati, adulti con CKD e carenza marziale ‖ B: abstract congressuale di ExplorIRON-CKD, RCT in doppio cieco con randomizzazione a FDI o FCM in adulti con CKD e carenza marziale",incluso,"decisione dell'utente (approvazione in blocco, 2026-09-29) — abstract MO523 (ERA 2022) di ExplorIRON-CKD"
DOI-10.1093_ndt_gfac072.011,10.1093/ndt/gfac072.011,,"MO529: The Differential Effect of Third Generation Intravenous Iron Preparations (Ferric Carboxymaltose, Ferric Derisomaltose) on Patient Related Outcome Measures in Patients With Non-Dialysis Dependent CKD and Iron Deficiency Anaemia",,2022,Nephrology Dialysis Transplantation 37 Supplement_3,Crossref type journal-article; journal supplement,,meta,2026-09-29T17:45:23+02:00,incluso,"abstract congressuale, esiti riferiti dal paziente in ExplorIRON-CKD (RCT 1:1 FDI vs FCM, adulti con CKD e ID) ‖ B: abstract congressuale di ExplorIRON-CKD, RCT FDI vs FCM randomizzato 1:1 in adulti con CKD, esiti di qualità di vita",incluso,"decisione dell'utente (approvazione in blocco, 2026-09-29) — abstract MO529 (ERA 2022) di ExplorIRON-CKD"
DOI-10.1093_ndt_gfac072.013,10.1093/ndt/gfac072.013,,"MO531: The Differential Effect of Third-Generation Intravenous Iron Preparations (Ferric Carboxymaltose, Ferric Derisomaltose) on Cardiovascular Parameters in Patients With Non-Dialysis Dependent CKD and Iron Deficiency Anaemia",,2022,Nephrology Dialysis Transplantation 37 Supplement_3,Crossref type journal-article; journal supplement,,meta,2026-09-29T17:45:23+02:00,incluso,"abstract congressuale, parametri cardiovascolari in ExplorIRON-CKD (RCT 1:1 FDI vs FCM, adulti con CKD e ID) ‖ B: abstract congressuale di ExplorIRON-CKD, RCT FDI vs FCM randomizzato 1:1, esiti cardiovascolari",incluso,"decisione dell'utente (approvazione in blocco, 2026-09-29) — abstract MO531 (ERA 2022) di ExplorIRON-CKD"
DOI-10.1097_01.hs9.0000972860.64685.8e,10.1097/01.hs9.0000972860.64685.8e,PMC10429967,"P1495: A PHASE III, RANDOMISED CONTROLLED SAFETY, EFFICACY AND COST EFFECTIVENESS TRIAL OF INTRAVENOUS IRON ISOMALTOSIDE (I3R) AND FERRIC CARBOXY MALTOSE (FERIUMR) IN SUBJECTS WITH IRON DEFICIENCY ANEMIA",,2023,HemaSphere 7 S3 e646858e,journal-article,,meta,2026-09-29T19:20:46+02:00,incluso,"abstract congressuale di RCT di fase III iron isomaltoside vs ferric carboxymaltose in adulti con IDA; abstract non disponibile, decidere sul testo ‖ B: abstract congressuale di RCT di fase III iron isomaltoside vs ferric carboxymaltose in IDA; abstract non disponibile, si decide sul testo",incluso,"decisione dell'utente (2026-09-29) — abstract EHA 2023 P1495, analisi ad interim del trial i3R, CTRI citato"
DOI-10.1136_gutjnl-2025-bsg.411,10.1136/gutjnl-2025-bsg.411,,P278 Auditing a switch from ferinject to ferric derisomaltose for intravenous iron in patients with GI bleed or symptomatic IDA,,2025,Posters A258.2-A258,Crossref type proceedings-article,,meta,2026-09-29T17:45:23+02:00,escluso,"E1-non-randomizzato: audit di un passaggio da Ferinject a FDI nella pratica clinica, non è un RCT ‖ B: E1-non-randomizzato: audit di uno switch da Ferinject a FDI, senza randomizzazione",,
DOI-10.1152_physiol.2023.38.s1.5733346,10.1152/physiol.2023.38.s1.5733346,,Comparative effects of treatment with ferric carboxymaltose versus ferric derisomaltose in a murine model of iron-deficiency anemia,,2023,Physiology 38 S1,Crossref type journal-article,,meta,2026-09-29T17:45:23+02:00,escluso,E4-non-umano: modello murino di anemia sideropenica ‖ B: E4-non-umano: studio su modello murino di anemia sideropenica,,
DOI-10.1182_blood-2018-99-114386,10.1182/blood-2018-99-114386,,Hypophosphatemia after High Dosage Iron Substitution with Ferric Carboxymaltose (FCM) and Iron Isomaltoside (IM) — the Randomised Controlled Home Afers 1 Trial,,2018,Blood 132 Supplement 1 3627-3627,Conference abstract (journal supplement),,meta,2026-09-29T17:34:57+02:00,incluso,"abstract congressuale, RCT HOMe AFers 1: donne adulte con IDA randomizzate a FCM o iron isomaltoside 1000 mg (analisi ad interim) ‖ B: abstract congressuale di RCT HOMe AFers 1, donne adulte con IDA randomizzate a FCM o iron isomaltoside",escluso,"E12-fulltext-irreperibile: decisione dell'utente (approvazione in blocco, 2026-09-29, terza tornata) — abstract ASH 2018 (HOMe aFers ad interim)"
DOI-10.1182_blood-2020-134435,10.1182/blood-2020-134435,,Persistent Hypophosphatemia after Ferric Carboxymaltose Is Associated with Persistent Changes in Biomarkers of Bone Metabolism,,2020,Blood 136 Supplement 1 13-14,Crossref type journal-article; journal supplement,,meta,2026-09-29T17:45:23+02:00,incluso,"abstract congressuale, analisi post hoc dei due RCT open-label FDI vs FCM (PHOSPHARE) ‖ B: analisi post hoc dei dati aggregati di due RCT open-label randomizzati FDI vs FCM (studi PHOSPHARE)",escluso,"E12-fulltext-irreperibile: decisione dell'utente (approvazione in blocco, 2026-09-29, terza tornata) — abstract ASH 2020 (PHOSPHARE, ipofosfatemia persistente)"
DOI-10.1182_blood-2021-148388,10.1182/blood-2021-148388,,A Systematic Literature Review and Meta-Analysis of the Incidence of Serious or Severe Hypersensitivity Reactions after Administration of Ferric Derisomaltose and Ferric Carboxymaltose,,2021,Blood 138 Supplement 1 4157-4157,Crossref type journal-article; journal supplement,,meta,2026-09-29T17:45:23+02:00,escluso,E3-non-primario: revisione sistematica con meta-analisi sull'ipersensibilità (registrata anche in fonti-di-riferimenti) ‖ B: E3-non-primario: revisione sistematica con meta-analisi (abstract congressuale) sulle reazioni di ipersensibilità. Annotare in fonti-di-riferimenti,,
DOI-10.1182_blood-2022-159364,10.1182/blood-2022-159364,,A Systematic Review and Indirect Treatment Comparison of Ferric Carboxymaltose Versus Iron Isomaltoside in Correcting Iron Deficiency Anemia,,2022,Blood 140 Supplement 1 2473-2474,Crossref type journal-article; journal supplement,,meta,2026-09-29T17:45:23+02:00,escluso,E3-non-primario: revisione sistematica con confronto indiretto FCM vs iron isomaltoside (registrata anche in fonti-di-riferimenti) ‖ B: E3-non-primario: revisione sistematica con confronto indiretto FCM vs iron isomaltoside. Annotare in fonti-di-riferimenti,,
DOI-10.1182_blood-2022-165923,10.1182/blood-2022-165923,,Differential Effects of Ferric Derisomaltose and Ferric Carboxymaltose on Fatigue in Patients with Iron Deficiency Anemia and Inflammatory Bowel Disease,,2022,Blood 140 Supplement 1 2469-2470,Conference abstract (journal supplement),,meta,2026-09-29T17:34:58+02:00,incluso,"abstract congressuale su FDI vs FCM e fatica in adulti con IDA e IBD. Manca l'abstract e il titolo non esclude un RCT, quindi si decide sul fulltext ‖ B: abstract congressuale senza testo: il titolo (FDI vs FCM, fatigue, IDA con IBD) non esclude un RCT testa a testa, da decidere sul fulltext",escluso,"E12-fulltext-irreperibile: decisione dell'utente (approvazione in blocco, 2026-09-29, terza tornata) — abstract ASH 2022 (fatigue FDI vs FCM)"
DOI-10.1182_blood-2023-174508,10.1182/blood-2023-174508,,Incidence of Fractures after Intravenous Iron: A Retrospective Analysis Comparing Ferric Carboxymaltose and Ferric Derisomaltose,,2023,Blood 142 Supplement 1 3838-3838,Crossref type journal-article; journal supplement,,meta,2026-09-29T17:45:23+02:00,escluso,"E1-non-randomizzato: analisi retrospettiva di cartelle cliniche, FCM vs FDI ‖ B: E1-non-randomizzato: analisi retrospettiva di cartelle cliniche, FCM vs FDI, Innsbruck",,
DOI-10.1210_js.2019-or13-3,10.1210/js.2019-or13-3,,OR13-3 Effects of Iron Isomaltoside versus Ferric Carboxymaltose on Hormonal Control of Phosphate Homeostasis: The PHOSPHARE-IDA04/05 Randomized Controlled Trials,,2019,Journal of the Endocrine Society 3 Supplement_1,Conference abstract (journal supplement),,meta,2026-09-29T17:34:57+02:00,incluso,"abstract congressuale, RCT PHOSPHARE-IDA04/05 con 245 adulti con IDA randomizzati 1:1 a FDI (iron isomaltoside) o FCM ‖ B: abstract congressuale di due RCT open-label identici (PHOSPHARE-IDA04/05), 245 adulti con IDA randomizzati 1:1 a iron isomaltoside o FCM",escluso,"E11-duplicato: decisione dell'utente (approvazione in blocco, 2026-09-29) — stesso abstract OR13-3 di EPMC-PMC6554827"
DOI-10.17749_2070-4909_farmakoekonomika.2022.124,10.17749/2070-4909/farmakoekonomika.2022.124,,Pharmacoeconomic analysis of using Monofer in patients with iron deficiency anemia as part of the provision of medical care under the state guarantees program in the health care system of the Russian Federation,,2022,FARMAKOEKONOMIKA. Modern Pharmacoeconomics and Pharmacoepidemiology 15 1 73-86,Crossref type journal-article,,meta,2026-09-29T17:45:23+02:00,escluso,"E3-non-primario: analisi farmacoeconomica retrospettiva (costo-efficacia) di Monofer vs Ferinject ‖ B: E3-non-primario: analisi farmacoeconomica retrospettiva (costo-efficacia) Monofer vs Ferinject, modello economico",,
DOI-10.18203_2320-1770.ijrcog20250512,10.18203/2320-1770.ijrcog20250512,,"Efficacy and safety of intravenous iron sucrose, ferric carboxymaltose and iron isomaltoside in gynaecological patients: a comparative study",,2025,"International Journal of Reproduction, Contraception, Obstetrics and Gynecology 14 3 825-830",Crossref type journal-article,,meta,2026-09-29T17:45:23+02:00,incluso,"studio prospettico randomizzato a tre bracci (iron sucrose, FCM, iron isomaltoside) su donne adulte con anemia sideropenica. FDI e FCM sono due dei bracci ‖ B: studio prospettico randomizzato in 87 donne adulte con IDA, tre bracci 1:1:1 (iron sucrose, FCM, iron isomaltoside)",incluso,"decisione dell'utente (approvazione in blocco, 2026-09-29, terza tornata) — RCT dichiarato («randomized comparative study», 1:1:1) IS/FCM/IIM; metodo di randomizzazione non descritto: da giudicare in RoB 2, dominio 1"
DOI-10.2139_ssrn.6031398,10.2139/ssrn.6031398,,Comparative Study of Ferric carboxymaltose (FCM) versus Ferric derisomaltose (FDI) on fracture rates,,2026,,Crossref type posted-content,,meta,2026-09-29T17:45:23+02:00,incluso,"preprint senza abstract, confronto FCM vs FDI sulle fratture. Il titolo non esclude un RCT, quindi si decide sul fulltext ‖ B: preprint senza abstract: il titolo (confronto FCM vs FDI sulle fratture) non esclude con certezza un RCT, da decidere sul fulltext",escluso,"E1-non-randomizzato: decisione dell'utente (approvazione in blocco, 2026-09-29) — analisi retrospettiva monocentrica sulle fratture"
DOI-10.22541_au.159819170.08161798,10.22541/au.159819170.08161798,,Hypophosphatemia after Treatment of Iron Deficiency with Intravenous Ferric Carboxymaltose or Iron Isomaltoside -A Systematic Review and Meta-Analysis,,2020,,Crossref type posted-content,,meta,2026-09-29T17:45:23+02:00,escluso,E3-non-primario: revisione sistematica con meta-analisi sull'ipofosfatemia (preprint; registrata anche in fonti-di-riferimenti) ‖ B: E3-non-primario: revisione sistematica con meta-analisi (preprint) sull'ipofosfatemia dopo FCM e iron isomaltoside. Annotare in fonti-di-riferimenti,,
DOI-10.22541_au.159985897.74620769,10.22541/au.159985897.74620769,,Hypophosphatemia after Treatment of Iron Deficiency with Intravenous Ferric Carboxymaltose or Iron Isomaltoside - A Systematic Review and Meta-Analysis,,2020,,Crossref type posted-content,,meta,2026-09-29T17:45:23+02:00,escluso,"E3-non-primario: revisione sistematica con meta-analisi sull'ipofosfatemia (preprint, versione duplicata; registrata anche in fonti-di-riferimenti) ‖ B: E3-non-primario: revisione sistematica con meta-analisi (preprint) sull'ipofosfatemia dopo FCM e iron isomaltoside. Annotare in fonti-di-riferimenti",,
DOI-10.3410_f.736117505.793562435,10.3410/f.736117505.793562435,,Faculty Opinions recommendation of Incidence of hypophosphatemia in patients with inflammatory bowel disease treated with ferric carboxymaltose or iron isomaltoside.,,2019,Faculty Opinions – Post-Publication Peer Review of the Biomedical Literature,Crossref type dataset,,meta,2026-09-29T17:45:23+02:00,escluso,"E3-non-primario: raccomandazione Faculty Opinions, cioè un commento a un articolo, senza dati propri ‖ B: E3-non-primario: raccomandazione di Faculty Opinions, commento senza dati propri",,
DOI-10.4328_acam.22909,10.4328/acam.22909,,Real-world comparative safety of ferric derisomaltose and ferric carboxymaltose: an analysis of hypersensitivity reactions,,2025,Annals of Clinical and Analytical Medicine,Crossref type journal-article,,meta,2026-09-29T17:45:23+02:00,escluso,"E1-non-randomizzato: coorte retrospettiva monocentrica, FDI vs FCM ‖ B: E1-non-randomizzato: coorte retrospettiva monocentrica FDI vs FCM sulle reazioni di ipersensibilità",,
EPMC-PMC10493729,,,Index,,2023,Transactions of the American Clinical and Climatological Association,Other; source PMC,,meta,2026-09-29T17:32:38+02:00,escluso,"E3-non-primario: indice di una rivista, senza contenuto su FDI o FCM ‖ B: E3-non-primario: indice di una rivista, nessun contenuto di ricerca",,
EPMC-PMC10576948,,,UEG Week 2023 Poster Presentations,,2023,United European gastroenterology journal,Abstract; source PMC,,meta,2026-09-29T17:32:38+02:00,incluso,"decisione dell'utente sul dubbio — volume di abstract congressuali: in fase 2 si cerca l'abstract FDI vs FCM (regola dei volumi, criteri v1.2)",escluso,"E11-duplicato: decisione dell'utente (approvazione in blocco, 2026-09-29, terza tornata) — volume UEG 2023; abstract pertinente EPMC-PMC10576948-PP0460"
EPMC-PMC10576948-PP0460,,,Ironing out the differences in infusion reactions between ferric derisomaltose and ferric carboxymaltose,,2023,"UEG Journal 2023;11 (UEG Week 2023), poster PP0460",Conference abstract (da volume),,meta,2026-09-29T18:51:09+02:00,incluso,abstract ricavato dal volume EPMC-PMC10576948 (regola dei volumi); fase 1 ereditata dal volume,escluso,"E1-non-randomizzato: decisione dell'utente (approvazione in blocco, 2026-09-29, terza tornata) — UEG 2023 PP0460, retrospettivo appaiato"
EPMC-PMC10615330,,,Poster Abstracts - Academy of Managed Care Pharmacy 2023,,2023,Journal of managed care & specialty pharmacy,research-article; Journal Article; source PMC,,meta,2026-09-29T17:32:38+02:00,incluso,"decisione dell'utente sul dubbio — volume di abstract congressuali: in fase 2 si cerca l'abstract FDI vs FCM (regola dei volumi, criteri v1.2)",escluso,"E3-non-primario: decisione dell'utente (approvazione in blocco, 2026-09-29, terza tornata) — volume senza abstract FDI vs FCM (AMCP 2023)"
EPMC-PMC11098658,,,Editors' highlight picks from 2023 in ESC heart failure,,2024,ESC heart failure,review-article; Review; Journal Article; source PMC,,meta,2026-09-29T17:32:38+02:00,escluso,"E3-non-primario: editoriale di selezione degli articoli 2023 di ESC Heart Failure ‖ B: E3-non-primario: selezione dell'editore di ESC Heart Failure, tipo review, non è uno studio primario",,
EPMC-PMC11177578,,,EHA2024 Hybrid Congress,,2024,HemaSphere,Abstract; source PMC,,meta,2026-09-29T17:32:38+02:00,incluso,"decisione dell'utente sul dubbio — volume di abstract congressuali: in fase 2 si cerca l'abstract FDI vs FCM (regola dei volumi, criteri v1.2)",escluso,"E12-fulltext-irreperibile: decisione dell'utente (approvazione in blocco, 2026-09-29, terza tornata) — volume EHA 2024 non open access, non recuperato"
EPMC-PMC11807454,10.1093/jcag/gwae059.216,,A216 THE COST-EFFECTIVENESS OF FERRIC DERISOMALTOSE VERSUS FERRIC CARBOXYMALTOSE IN THE TREATMENT OF IRON DEFICIENCY ANAEMIA IN CANADA,,2025,Journal of the Canadian Association of Gastroenterology,Abstract; source PMC,,meta,2026-09-29T17:32:38+02:00,escluso,"E3-non-primario: analisi di costo-efficacia (modello economico) FDI vs FCM, non un RCT ‖ B: E3-non-primario: analisi di costo-efficacia (modello economico) FDI vs FCM in Canada, non un RCT",,
EPMC-PMC11807460,,,A214 CONSTRUCTION AND VALIDATION OF A FRAILTY INDEX FOR THE INFLAMMATORY BOWEL DISEASE POPULATION,,2025,Journal of the Canadian Association of Gastroenterology,Abstract; source PMC,,meta,2026-09-29T17:32:38+02:00,escluso,"E2-manca-FDI-o-FCM: indice di fragilità nella IBD, nessun ferro EV nel titolo ‖ B: E2-manca-FDI-o-FCM: indice di fragilità nella malattia infiammatoria intestinale, nessun ferro EV",,
EPMC-PMC11807541,,,A215 INJECTION SITE PAIN AND ADHERENCE IN PATIENTS SWITCHING FROM REFERENCE ADALIMUMAB TO AVT02 – INTERIM RESULTS OF THE EASE PAIN TRIAL.,,2025,Journal of the Canadian Association of Gastroenterology,Abstract; source PMC,,meta,2026-09-29T17:32:38+02:00,escluso,"E2-manca-FDI-o-FCM: studio su adalimumab biosimilare AVT02, non riguarda il ferro ‖ B: E2-manca-FDI-o-FCM: trial su adalimumab biosimilare AVT02, nessun ferro EV",,
EPMC-PMC11912877,,,Poster Abstracts - Academy of Managed Care Pharmacy 2025,,2025,Journal of managed care & specialty pharmacy,research-article; Journal Article; source PMC,,meta,2026-09-29T17:32:38+02:00,incluso,"raccolta di poster congressuali senza abstract: il titolo non esclude con certezza un RCT FDI vs FCM, si decide sul fulltext ‖ B: raccolta di poster AMCP 2025 senza abstract: il titolo non esclude un abstract congressuale FDI vs FCM, da verificare sul fulltext",escluso,"E12-fulltext-irreperibile: decisione dell'utente (approvazione in blocco, 2026-09-29, terza tornata) — volume AMCP 2025 non open access, non recuperato"
EPMC-PMC12496567,,,UEG Week 2025 Nurse Programme Presentations,,2025,United European gastroenterology journal,Abstract; source PMC,,meta,2026-09-29T17:32:38+02:00,incluso,"raccolta di presentazioni congressuali senza abstract: il titolo non esclude con certezza la domanda, si decide sul fulltext ‖ B: raccolta di presentazioni UEG Week 2025 senza abstract: il titolo non esclude con certezza un abstract FDI vs FCM, da verificare sul fulltext",escluso,"E12-fulltext-irreperibile: decisione dell'utente (approvazione in blocco, 2026-09-29, terza tornata) — volume UEG 2025 (programma infermieri) non open access, non recuperato"
EPMC-PMC13100505,,,Abstracts of the ECTS 2026 Congress,,2026,JBMR plus,Addendum; source PMC,,meta,2026-09-29T17:32:38+02:00,incluso,"raccolta di abstract congressuali (ECTS, metabolismo osseo) senza abstract: possibili dati di RCT FDI vs FCM su fosfato, si decide sul fulltext ‖ B: raccolta di abstract ECTS 2026 senza abstract: il titolo non esclude con certezza un abstract FDI vs FCM (es. fosfato), da verificare sul fulltext",escluso,"E12-fulltext-irreperibile: decisione dell'utente (approvazione in blocco, 2026-09-29, terza tornata) — volume ECTS 2026, Europe PMC dà solo i metadati"
EPMC-PMC13297121,,,Does Parenteral Iron Increase the Risk of Infection in Patients with Gastrointestinal Cancer? A Systematic Review and Meta-Analysis,,2026,Cancers,review-article; Review; Journal Article; source PMC,,meta,2026-09-29T17:32:38+02:00,escluso,E3-non-primario: revisione sistematica e meta-analisi sul rischio infettivo del ferro parenterale ‖ B: E3-non-primario: revisione sistematica e meta-analisi sul rischio di infezione con ferro parenterale (annotare in fonti-di-riferimenti),,
EPMC-PMC13344646,,,"Poster Session 1 : Wednesday, February 11, 2026   10:30 AM – 12:00 PM",,2026,"Pregnancy (Hoboken, N.J.)",Abstract; source PMC,,meta,2026-09-29T17:32:38+02:00,incluso,"raccolta di poster congressuali (rivista Pregnancy) senza abstract: possibile RCT FDI vs FCM in gravidanza, si decide sul fulltext ‖ B: raccolta di poster di congresso sulla gravidanza (2026) senza abstract: possibile abstract FDI vs FCM in gravidanza, da verificare sul fulltext",escluso,"E11-duplicato: decisione dell'utente (approvazione in blocco, 2026-09-29) — volume; l'abstract pertinente è il record EPMC-PMC13344646-337"
EPMC-PMC13344646-337,,,Early Response to Treatment of Iron Deficiency Anemia and Association with Perinatal Outcomes,,2026,"Pregnancy (Hoboken) — SMFM 2026, Poster Session 1, abstract 337",Conference abstract (da volume),,meta,2026-09-29T18:47:43+02:00,incluso,"abstract ricavato dal volume EPMC-PMC13344646 (regola dei volumi, criteri v1.2); fase 1 ereditata dal volume",incluso,"decisione dell'utente (approvazione in blocco, 2026-09-29) — abstract 337 (SMFM 2026) di RAPIDIRON, dal volume Pregnancy (dubbio risolto)"
EPMC-PMC13344768,,,Late‐Breaking Abstract Presentations,,2025,"Pregnancy (Hoboken, N.J.)",Abstract; source PMC,,meta,2026-09-29T17:32:38+02:00,incluso,"raccolta di late-breaking abstract (rivista Pregnancy) senza abstract: il titolo non esclude la domanda, si decide sul fulltext ‖ B: raccolta di late-breaking abstract sulla gravidanza senza abstract: possibile abstract FDI vs FCM, da verificare sul fulltext",escluso,"E11-duplicato: decisione dell'utente (approvazione in blocco, 2026-09-29) — volume; l'abstract pertinente è il record EPMC-PMC13344768-LB03"
EPMC-PMC13344768-LB03,,,Single-Dose Intravenous Iron Versus Oral Iron for Maternal Iron Deficiency Anemia: A Randomized Controlled Trial,,2025,"Pregnancy (Hoboken) 2025;1(Suppl 1):e12035 — SMFM 2025, Late-Breaking Abstract LB03",Conference abstract (da volume),,meta,2026-09-29T18:47:43+02:00,incluso,"abstract ricavato dal volume EPMC-PMC13344768 (regola dei volumi, criteri v1.2); fase 1 ereditata dal volume",incluso,"decisione dell'utente (approvazione in blocco, 2026-09-29) — abstract LB03 (SMFM 2025) dei risultati primari di RAPIDIRON (dubbio risolto)"
EPMC-PMC13439031,,,Special Collection: Abstracts from IUNS-ICN Paris 2025,,,Journal of nutritional science,Abstract; source PMC,,meta,2026-09-29T17:32:38+02:00,incluso,"raccolta di abstract congressuali di nutrizione senza abstract: il titolo non esclude con certezza la domanda, si decide sul fulltext ‖ B: raccolta di abstract IUNS-ICN 2025 senza abstract: il titolo non esclude con certezza un abstract FDI vs FCM, da verificare sul fulltext",escluso,"E3-non-primario: decisione dell'utente (approvazione in blocco, 2026-09-29, terza tornata) — volume senza abstract FDI vs FCM (IUNS-ICN 2025)"
EPMC-PMC6512590,,,A84 UPDATED SYSTEMATIC REVIEW WITH NETWORK METAANALYSIS ON COMPARATIVE EFFICACY AND TOLERABILITY OF DIFFERENT INTRAVENOUS IRON PRODUCTS FOR THE TREATMENT OF IRON DEFICIENCY ANEMIA IN PATIENTS WITH IBD,,2019,Journal of the Canadian Association of Gastroenterology,Abstract; source PMC,,meta,2026-09-29T17:32:38+02:00,escluso,E3-non-primario: abstract di revisione sistematica con network meta-analisi del ferro EV nella IBD ‖ B: E3-non-primario: revisione sistematica con network meta-analisi di ferri EV nella IBD (annotare in fonti-di-riferimenti),,
EPMC-PMC6512653,,,A101 SYSTEMATIC REVIEW AND NETWORK META-ANALYSIS: SAFETY OF DIFFERENT INTRAVENOUS IRON PREPARATIONS FOR THE TREATMENT OF IRON DEFICIENCY ANEMIA IN IBD,,2019,Journal of the Canadian Association of Gastroenterology,Abstract; source PMC,,meta,2026-09-29T17:32:38+02:00,escluso,E3-non-primario: abstract di revisione sistematica con network meta-analisi sulla sicurezza del ferro EV nella IBD ‖ B: E3-non-primario: revisione sistematica con network meta-analisi sulla sicurezza dei ferri EV nella IBD (annotare in fonti-di-riferimenti),,
EPMC-PMC6554827,,,OR13-3 Effects of Iron Isomaltoside versus Ferric Carboxymaltose on Hormonal Control of Phosphate Homeostasis: The PHOSPHARE-IDA04/05 Randomized Controlled Trials,,2019,Journal of the Endocrine Society,Abstract; source PMC,,meta,2026-09-29T17:32:38+02:00,incluso,"abstract congressuale sui trial randomizzati PHOSPHARE-IDA04/05, iron isomaltoside vs ferric carboxymaltose ‖ B: abstract congressuale sugli RCT PHOSPHARE-IDA04/05 randomizzati iron isomaltoside vs FCM, effetti sul controllo ormonale del fosfato",incluso,"decisione dell'utente (approvazione in blocco, 2026-09-29) — abstract OR13-3 (J Endocr Soc 2019) dei due trial PHOSPHARE-IDA"
EPMC-PMC7123738,,,Modern Patient Blood Management in Arthroplasty,,2014,Perioperative Medical Management for Total Joint Arthroplasty,chapter-article; source PMC,,meta,2026-09-29T17:32:38+02:00,escluso,"E3-non-primario: capitolo di libro sul patient blood management in artroplastica, non uno studio primario ‖ B: E3-non-primario: capitolo di libro sul patient blood management in artroplastica, non un RCT",,
EPMC-PMC7672678,,,UEG Week 2017 Poster Presentations,,2017,United European gastroenterology journal,Abstract; source PMC,,meta,2026-09-29T17:32:38+02:00,incluso,"raccolta di poster congressuali UEG 2017 senza abstract: il titolo non esclude con certezza la domanda, si decide sul fulltext ‖ B: raccolta di poster UEG Week 2017 senza abstract: il titolo non esclude con certezza un abstract FDI vs FCM (iron isomaltoside), da verificare sul fulltext",escluso,"E3-non-primario: decisione dell'utente (approvazione in blocco, 2026-09-29) — volume senza abstract FDI vs FCM (UEG Week 2017)"
EPMC-PMC7875189,,,Bone Research Society (BRS) and British Orthopaedic Research Society (BORS) Abstracts,,2021,JBMR plus,Abstract; source PMC,,meta,2026-09-29T17:32:38+02:00,incluso,"raccolta di abstract congressuali BRS/BORS senza abstract: possibili dati su ipofosfatemia da ferro EV, si decide sul fulltext ‖ B: raccolta di abstract BRS/BORS 2021 senza abstract: il titolo non esclude con certezza un abstract FDI vs FCM, da verificare sul fulltext",escluso,"E3-non-primario: decisione dell'utente (approvazione in blocco, 2026-09-29, terza tornata) — volume senza abstract FDI vs FCM (BRS/BORS 2021)"
EPMC-PMC7973157,,,98 Severe Hypophosphatemia After Iron Infusion: A Serious Complication,,2021,American journal of kidney diseases : the official journal of the National Kidney Foundation,Abstract; source PMC,,meta,2026-09-29T17:32:38+02:00,incluso,"abstract congressuale senza testo su ipofosfatemia grave dopo infusione di ferro: probabile caso clinico ma manca l'abstract, si decide sul fulltext ‖ B: abstract senza testo su ipofosfatemia grave dopo infusione di ferro: probabile case report, ma titolo non esclude con certezza, da verificare sul fulltext",escluso,"E1-non-randomizzato: decisione dell'utente (approvazione in blocco, 2026-09-29, terza tornata) — AJKD 98, serie di casi"
EPMC-PMC8089862,,,Intravenous Iron Induced Severe Hypophosphatemia,,2021,Journal of the Endocrine Society,Abstract; source PMC,,meta,2026-09-29T17:32:38+02:00,escluso,"E1-non-randomizzato: case report di ipofosfatemia dopo FCM, un solo paziente ‖ B: E1-non-randomizzato: case report di ipofosfatemia grave dopo FCM in una paziente, senza braccio FDI",,
EPMC-PMC8089959,,,Immobilization Hypercalcemia (IH) in an Adult After Spinal Cord Injury,,2021,Journal of the Endocrine Society,Abstract; source PMC,,meta,2026-09-29T17:32:38+02:00,escluso,"E2-manca-FDI-o-FCM: case report di ipercalcemia da immobilizzazione, nessun ferro ‖ B: E2-manca-FDI-o-FCM: case report di ipercalcemia da immobilizzazione, nessun ferro EV",,
EPMC-PMC8090380,,,In Search of a Missing Adenoma,,2021,Journal of the Endocrine Society,Abstract; source PMC,,meta,2026-09-29T17:32:38+02:00,escluso,"E2-manca-FDI-o-FCM: case report di adenoma paratiroideo mediastinico, nessun ferro ‖ B: E2-manca-FDI-o-FCM: case report di adenoma paratiroideo mediastinico, nessun ferro EV",,
EPMC-PMC8194831,,,DOP90 Physician global assessment of IBD Activity is associated with COVID-19 severity in patients aged less than 50 years,,2021,Journal of Crohn's & colitis,Abstract; source PMC,,meta,2026-09-29T17:32:38+02:00,escluso,"E2-manca-FDI-o-FCM: studio su attività IBD e gravità COVID-19, nessun ferro EV ‖ B: E2-manca-FDI-o-FCM: studio di database SECURE-IBD su COVID-19 e attività della IBD, nessun ferro EV",,
EPMC-PMC8548623,,,Blood and blood treatments,,2021,Side Effects of Drugs Annual,Other; source PMC,,meta,2026-09-29T17:32:38+02:00,escluso,E3-non-primario: decisione dell'utente sul dubbio — capitolo di rassegna annuale (Side Effects of Drugs Annual),,
EPMC-PMC9548091,,,UEG Week 2022 Poster Presentations,,2022,United European gastroenterology journal,Abstract; source PMC,,meta,2026-09-29T17:32:38+02:00,incluso,"raccolta di poster congressuali UEG 2022 senza abstract: il titolo non esclude con certezza la domanda, si decide sul fulltext ‖ B: raccolta di poster UEG Week 2022 senza abstract: il titolo non esclude con certezza un abstract FDI vs FCM, da verificare sul fulltext",escluso,"E11-duplicato: decisione dell'utente (approvazione in blocco, 2026-09-29, terza tornata) — volume UEG 2022; abstract pertinente EPMC-PMC9548091-P0511"
EPMC-PMC9548091-P0511,,,Retrospective one-center study comparing safety and efficacy of iron formulations (ferric derisomaltose and carboxymaltose) in gastroenterological patients,,2022,"UEG Journal 2022;10 (UEG Week 2022), poster P0511",Conference abstract (da volume),,meta,2026-09-29T18:51:09+02:00,incluso,abstract ricavato dal volume EPMC-PMC9548091 (regola dei volumi); fase 1 ereditata dal volume,escluso,"E1-non-randomizzato: decisione dell'utente (approvazione in blocco, 2026-09-29, terza tornata) — UEG 2022 P0511, retrospettivo monocentrico"
EPMC-PMC9596941,,,Abstracts,,2022,JBMR plus,Abstract; source PMC,,meta,2026-09-29T17:32:38+02:00,incluso,"raccolta di abstract congressuali (JBMR plus) senza abstract: il titolo non esclude con certezza la domanda, si decide sul fulltext ‖ B: raccolta di abstract JBMR plus 2022 senza abstract: il titolo non esclude con certezza un abstract FDI vs FCM (fosfato), da verificare sul fulltext",escluso,"E11-duplicato: decisione dell'utente (approvazione in blocco, 2026-09-29, terza tornata) — volume JBMR Plus 2022; abstract pertinente EPMC-PMC9596941-P16"
EPMC-PMC9596941-P16,,,Molecular mechanism of intravenous iron therapy induced hypophosphatemia and osteomalacia,,2022,"JBMR Plus 2022;6 (abstracts), poster P16",Conference abstract (da volume),,meta,2026-09-29T18:51:09+02:00,incluso,abstract ricavato dal volume EPMC-PMC9596941 (regola dei volumi); fase 1 ereditata dal volume,escluso,"E4-non-umano: decisione dell'utente (approvazione in blocco, 2026-09-29, terza tornata) — JBMR Plus 2022 P16, in vitro e nel topo"
EPMC-PMC9931441,,,IRONMAN stützt Eisenersatz bei Herzinsuffizienz,,2023,CardioVasc,Case Reports; case-report; source PMC,,meta,2026-09-29T17:32:38+02:00,escluso,"E3-non-primario: articolo di commento in tedesco su IRONMAN (ferro nello scompenso cardiaco), nessun confronto FDI vs FCM nel titolo ‖ B: E3-non-primario: commento in tedesco su IRONMAN nell'insufficienza cardiaca, senza dati propri e senza evidenza di braccio FCM randomizzato",,
EPMC-PPR1059460,10.21203/rs.3.rs-7048209/v1,,High doses of ferric derisomaltose and ferric carboxymaltose both increase FGF-23 levels and lead to osteomalacia and bone loss in healthy male mice,,2025,Research Square,Preprint; source PPR,,meta,2026-09-29T17:32:38+02:00,escluso,"E4-non-umano: studio su topi sani, FDI e FCM in vivo animale ‖ B: E4-non-umano: FDI e FCM in topi maschi sani",,
EPMC-PPR1067920,10.1101/2025.08.07.25333266,,PRAYAS: Cohort profile for Pooled Research and Analysis for Yielding Anemia-free Solutions in India,,2025,medRxiv,Preprint; source PPR,,meta,2026-09-29T17:32:38+02:00,escluso,"E1-non-randomizzato: profilo di coorte che armonizza dataset indiani, include anche minori, nessun confronto randomizzato FDI vs FCM ‖ B: E1-non-randomizzato: profilo di coorte che riunisce dataset indiani su anemia, non un RCT FDI vs FCM",,
EPMC-PPR1083820,10.1101/2025.09.11.25335472,,"Comparative Effectiveness of Intravenous Ferric Carboxymaltose, Ferric Derisomaltose, and Iron Sucrose in Heart Failure With Reduced Ejection Fraction: A Network Meta-Analysis of 15 Randomized Trials",,2025,medRxiv,Preprint; source PPR,,meta,2026-09-29T17:32:38+02:00,escluso,E3-non-primario: network meta-analisi di RCT contro placebo in scompenso cardiaco ‖ B: E3-non-primario: network meta-analisi di RCT contro placebo,,
EPMC-PPR1193679,10.22541/au.172586589.98647225/v1,,"Intravenous administration of ferric derisomaltose is associated with a higher incidence of infusion reactions than ferric carboxymaltose, and is unaffected by dilution volume",,2024,Authorea Preprints,Preprint; source PPR,,meta,2026-09-29T17:32:38+02:00,escluso,E1-non-randomizzato: coorte retrospettiva appaiata FDI vs FCM ‖ B: E1-non-randomizzato: coorte retrospettiva appaiata FDI vs FCM,,
EPMC-PPR1234531,10.21203/rs.3.rs-9553657/v1,,Three-Month Follow-Up of High-Dose Intravenous Iron Monotherapy for Cancer-Related Anemia in an ESA-Free Oncology Setting: A Real-World Cohort Study,,2026,Research Square,Preprint; source PPR,,meta,2026-09-29T17:32:38+02:00,escluso,E1-non-randomizzato: coorte retrospettiva monocentrica in oncologia ‖ B: E1-non-randomizzato: coorte retrospettiva monocentrica in oncologia,,
EPMC-PPR1265311,10.64898/2026.04.30.26352160,,Frequency and Medical Costs of Hypersensitivity- and Anaphylaxis-Related Adverse Events for Different Intravenous Iron Products Using the US Food and Drug Administration Adverse Event Reporting System (FAERS),,2026,medRxiv,Preprint; source PPR,,meta,2026-09-29T17:32:38+02:00,escluso,E1-non-randomizzato: analisi di database FAERS ‖ B: E1-non-randomizzato: analisi del database FAERS,,
EPMC-PPR1312797,10.64898/2026.08.29.26361700,,A target trial emulation study to estimate the causal effect of intravenous iron use during pregnancy and its effect on haematological and birth outcomes in Pakistan,,2026,preprint,Preprint; source PPR,,meta,2026-09-29T19:20:47+02:00,escluso,"E1-non-randomizzato: target trial emulation su dati osservazionali, ferro EV vs nessun trattamento in gravidanza ‖ B: E1-non-randomizzato: target trial emulation osservazionale ferro EV vs nessun trattamento in gravidanza",,
EPMC-PPR609550,10.22541/au.167490910.02064054/v1,,"Impact of postpartum anemia treatment with intravenous ferric carboxymaltose, intravenous ferric derisomaltose or oral ferrous sulphate on maternal fatigue: a randomized clinical trial",,2023,Authorea Preprints,Preprint; source PPR,,meta,2026-09-29T17:32:38+02:00,incluso,"RCT open-label randomizzato FCM vs FDI vs ferro orale in donne adulte con anemia post-partum ‖ B: RCT open-label con randomizzazione a FCM EV, FDI EV o ferro orale in donne adulte con anemia post-partum",incluso,"decisione dell'utente (approvazione in blocco, 2026-09-29, terza tornata) — preprint del trial di Lubiana (MFI), versione preliminare di 38337452; cita NCT03957057"
EPMC-PPR879459,10.1101/2024.07.11.24310267,,A Cost-utility Analysis of Ferric Derisomaltose versus Ferric Carboxymaltose in Patients with Iron Deficiency Anemia in China,,2024,medRxiv,Preprint; source PPR,,meta,2026-09-29T17:32:38+02:00,escluso,E3-non-primario: analisi costo-utilità (modello di simulazione) FDI vs FCM ‖ B: E3-non-primario: analisi costo-utilità basata su modello di simulazione,,
EUCTR-2017-002452-87,,,"A randomized, double-blinded, comparative trial comparing the incidence of hypophosphatemia in relation to repeated treatment courses of iron isomaltoside and ferric carboxymaltose in subjects with...",,2017,EU Clinical Trials Register,Registry record,,meta,2026-09-29T17:32:33+02:00,incluso,"registrazione di RCT in doppio cieco FDI (iron isomaltoside) vs FCM in adulti con IDA e IBD, con risultati indicati ‖ B: registrazione di RCT in doppio cieco FDI (iron isomaltoside) vs FCM in adulti con IDA e IBD; risultati indicati come disponibili",incluso,"decisione dell'utente (approvazione in blocco, 2026-09-29) — scheda EU CTR di PHOSPHARE-IBD con risultati per braccio"
EUCTR-2019-004370-26,,,"Exploratory single centre prospective 12-week comparative double blinded randomised trial of the impact of high-dose iron isomaltoside vs iron carboxymaltose on measures of FGF23, bone metabolism a...",,2020,EU Clinical Trials Register,Registry record,,meta,2026-09-29T17:32:33+02:00,incluso,"registrazione di RCT randomizzato in doppio cieco iron isomaltoside vs FCM in adulti con IDA e CKD ‖ B: registrazione di RCT randomizzato in doppio cieco iron isomaltoside vs FCM in adulti con IDA e CKD, senza risultati",incluso,"decisione dell'utente (approvazione in blocco, 2026-09-29) — registrazione di ExplorIRON-CKD"
EUCTR-2022-000894-16,,,Predicting Response to Iron Supplementation in Patients with active Inflammatory Bowel Disease,,2022,EU Clinical Trials Register,Registry record,,meta,2026-09-29T17:32:33+02:00,incluso,"registrazione senza farmaci né disegno nel record: adulti con IBD e carenza marziale, non si esclude con certezza, da verificare nel registro ‖ B: registrazione laconica: adulti con IBD e carenza marziale, farmaci e disegno non indicati, possibile RCT FDI vs FCM da verificare in fase 2",escluso,"E2-manca-FDI-o-FCM: decisione dell'utente (approvazione in blocco, 2026-09-29) — PRIme, unico gruppo ferro EV"
EUCTR-2022-001252-41,,,Preventing postoperative anaemia in total knee arthroplasty and impact of intravenous iron supplementation on postoperative functional recovery : a randomized clinical trial,,2022,EU Clinical Trials Register,Registry record,,meta,2026-09-29T17:32:33+02:00,incluso,"registrazione di RCT con ferro EV in adulti in artroplastica di ginocchio, farmaci non specificati: da verificare nel registro ‖ B: registrazione di RCT con ferro EV in adulti (artroplastica di ginocchio): bracci non indicati, da verificare in fase 2",escluso,"E2-manca-FDI-o-FCM: decisione dell'utente (approvazione in blocco, 2026-09-29) — FCM vs placebo in artroplastica"
NCT02632760,,,Intravenous Iron for Treatment of Anaemia Before Cardiac Surgery,,2016,ClinicalTrials.gov,Registry record; INTERVENTIONAL; RANDOMIZED,,meta,2026-09-29T17:32:30+02:00,escluso,"E2-manca-FDI-o-FCM: RCT FCM contro placebo, nessun braccio FDI ‖ B: E2-manca-FDI-o-FCM: FCM contro placebo, senza braccio FDI",,
NCT02905539,,,A Study Comparing the Iron Substitution With the Medicinal Products Ferinject or Monofer,,2016,ClinicalTrials.gov,Registry record; INTERVENTIONAL; RANDOMIZED,,meta,2026-09-29T17:32:30+02:00,incluso,registrazione di RCT in doppio cieco iron isomaltoside 1000 vs FCM in adulti con IDA ‖ B: registrazione di RCT in doppio cieco iron isomaltoside 1000 vs FCM in adulti con IDA,incluso,"decisione dell'utente (approvazione in blocco, 2026-09-29) — registrazione di HOMe aFers"
NCT03191201,,,A Double Blind Randomised Placebo-controlled Trial to Assess the Role of Iron Repletion in Glucose Homeostasis.,,2017,ClinicalTrials.gov,Registry record; INTERVENTIONAL; RANDOMIZED,,meta,2026-09-29T17:32:30+02:00,escluso,"E2-manca-FDI-o-FCM: RCT FCM contro placebo, nessun braccio FDI ‖ B: E2-manca-FDI-o-FCM: FCM contro placebo, senza braccio FDI",,
NCT03237065,,,Incidence of Hypophosphatemia After Treatment With Iron Isomaltoside/Ferric Derisomaltose or Ferric Carboxymaltose in Subjects With Iron Deficiency Anaemia,,2017,ClinicalTrials.gov,Registry record; INTERVENTIONAL; RANDOMIZED,,meta,2026-09-29T17:32:30+02:00,incluso,"registrazione di RCT open-label PHOSPHARE-IDA-05 FDI vs FCM in adulti con IDA, con risultati ‖ B: registrazione di RCT open-label PHOSPHARE-IDA-05 FDI vs FCM in adulti con IDA, con risultati",incluso,"decisione dell'utente (approvazione in blocco, 2026-09-29) — registrazione PHOSPHARE-IDA05 con risultati per braccio"
NCT03238911,,,Incidence of Hypophosphatemia After Treatment With Iron Isomaltoside/Ferric Derisomaltose vs Ferric Carboxymaltose in Subjects With Iron Deficiency Anaemia,,2017,ClinicalTrials.gov,Registry record; INTERVENTIONAL; RANDOMIZED,,meta,2026-09-29T17:32:30+02:00,incluso,"registrazione di RCT open-label PHOSPHARE-IDA-04 FDI vs FCM in adulti con IDA, con risultati ‖ B: registrazione di RCT open-label PHOSPHARE-IDA-04 FDI vs FCM in adulti con IDA, con risultati",incluso,"decisione dell'utente (approvazione in blocco, 2026-09-29) — registrazione PHOSPHARE-IDA04 con risultati per braccio"
NCT03466983,,,A Trial Comparing the Incidence of Hypophosphatemia in Relation to Treatment With Iron Isomaltoside and Ferric Carboxymaltose in Subjects With Iron Deficiency Anaemia Due to Inflammatory Bowel Disease,,2018,ClinicalTrials.gov,Registry record; INTERVENTIONAL; RANDOMIZED,,meta,2026-09-29T17:32:30+02:00,incluso,registrazione di RCT in doppio cieco iron isomaltoside vs FCM in adulti con IDA da IBD ‖ B: registrazione di RCT in doppio cieco iron isomaltoside vs FCM in adulti con IDA e IBD,incluso,"decisione dell'utente (approvazione in blocco, 2026-09-29) — registrazione PHOSPHARE-IBD"
NCT03957057,,,"Intravenous Iron Carboxymaltose, Isomaltoside and Oral Iron Sulphate for Postpartum Anemia",,2020,ClinicalTrials.gov,Registry record; INTERVENTIONAL; RANDOMIZED,,meta,2026-09-29T17:32:30+02:00,incluso,"registrazione di RCT a tre bracci FCM, iron isomaltoside e ferro orale in donne adulte con anemia post-partum ‖ B: registrazione di RCT a tre bracci: FCM EV, iron isomaltoside EV, ferro orale in adulte con anemia post-partum",incluso,"decisione dell'utente (approvazione in blocco, 2026-09-29) — registrazione del trial post-partum di Lubiana"
NCT05358509,,,Reducing Anemia in Pregnancy in India: the RAPIDIRON Trial,,2021,ClinicalTrials.gov,Registry record; INTERVENTIONAL; RANDOMIZED,,meta,2026-09-29T17:32:30+02:00,incluso,"registrazione di RCT RAPIDIRON a tre bracci: FCM, iron isomaltoside e ferro orale in gravide con IDA ‖ B: registrazione di RCT RAPIDIRON a tre bracci: FCM, iron isomaltoside (FDI), ferro orale in donne gravide adulte con IDA",incluso,"decisione dell'utente (approvazione in blocco, 2026-09-29) — registrazione ClinicalTrials.gov di RAPIDIRON"
NCT05504863,,,RAPIDIRON Trial Follow-up Study: RAPIDIRON-KIDS Study,,2022,ClinicalTrials.gov,Registry record; OBSERVATIONAL; ,,meta,2026-09-29T17:32:30+02:00,escluso,"E1-non-randomizzato: registrato come osservazionale (follow-up neurosviluppo di madri e figli di RAPIDIRON) ‖ B: E1-non-randomizzato: registrato come osservazionale, follow-up dei nati da RAPIDIRON",,
NCT05545527,,,Neuroimaging Ancillary Study,,2023,ClinicalTrials.gov,Registry record; OBSERVATIONAL; ,,meta,2026-09-29T17:32:30+02:00,escluso,"E1-non-randomizzato: registrato come studio osservazionale ancillare di neuroimaging di RAPIDIRON ‖ B: E1-non-randomizzato: registrato come osservazionale, studio di neuroimaging sui neonati di RAPIDIRON",,
NCT05581420,,,Oral Versus Intravenous Iron in IBD Patients With Anti-inflammatory Therapy.,,2022,ClinicalTrials.gov,Registry record; INTERVENTIONAL; RANDOMIZED,,meta,2026-09-29T17:32:30+02:00,escluso,"E2-manca-FDI-o-FCM: RCT ferro orale vs Monofer, senza braccio FCM ‖ B: E2-manca-FDI-o-FCM: MonoFer contro ferro orale, senza braccio FCM",,
NCT06309641,,,Methemoglobinemia Following Intravenous Iron Treatment,,2024,ClinicalTrials.gov,Registry record; OBSERVATIONAL; ,,meta,2026-09-29T17:32:30+02:00,escluso,"E1-non-randomizzato: registrato come osservazionale, dosaggio di metaemoglobina dopo FCM o FDI ‖ B: E1-non-randomizzato: registrato come osservazionale, dosaggio della metemoglobina dopo FCM o FDI",,
NCT06350955,,,IV Iron-induced Hypophosphatemia After RYGB,,2024,ClinicalTrials.gov,Registry record; INTERVENTIONAL; RANDOMIZED,,meta,2026-09-29T17:32:30+02:00,incluso,"registrazione di RCT single-blind iron isomaltoside vs FCM in adulti con carenza di ferro dopo bypass gastrico ‖ B: registrazione di RCT in singolo cieco iron isomaltoside vs FCM in adulti con bypass gastrico Roux-en-Y e carenza marziale, senza risultati",in-attesa,"A-senza-risultati: decisione dell'utente (approvazione in blocco, 2026-09-29) — RCT IVORY FDI vs FCM dopo bypass gastrico, senza risultati"
